[2025-07-07 14:32:35] production.ERROR: file_get_contents(C:\Users\USER\Downloads\web-positron-main\web-positron-main\.env): Failed to open stream: No such file or directory {"exception":"[object] (ErrorException(code: 0): file_get_contents(C:\\Users\\USER\\Downloads\\web-positron-main\\web-positron-main\\.env): Failed to open stream: No such file or directory at C:\\Users\\USER\\Downloads\\web-positron-main\\web-positron-main\\vendor\\laravel\\framework\\src\\Illuminate\\Foundation\\Console\\KeyGenerateCommand.php:100)
[stacktrace]
#0 C:\\Users\\USER\\Downloads\\web-positron-main\\web-positron-main\\vendor\\laravel\\framework\\src\\Illuminate\\Foundation\\Bootstrap\\HandleExceptions.php(256): Illuminate\\Foundation\\Bootstrap\\HandleExceptions->handleError(2, 'file_get_conten...', 'C:\\\\Users\\\\USER\\\\D...', 100)
#1 [internal function]: Illuminate\\Foundation\\Bootstrap\\HandleExceptions->Illuminate\\Foundation\\Bootstrap\\{closure}(2, 'file_get_conten...', 'C:\\\\Users\\\\USER\\\\D...', 100)
#2 C:\\Users\\USER\\Downloads\\web-positron-main\\web-positron-main\\vendor\\laravel\\framework\\src\\Illuminate\\Foundation\\Console\\KeyGenerateCommand.php(100): file_get_contents('C:\\\\Users\\\\USER\\\\D...')
#3 C:\\Users\\USER\\Downloads\\web-positron-main\\web-positron-main\\vendor\\laravel\\framework\\src\\Illuminate\\Foundation\\Console\\KeyGenerateCommand.php(82): Illuminate\\Foundation\\Console\\KeyGenerateCommand->writeNewEnvironmentFileWith('base64:NmfAHc3y...')
#4 C:\\Users\\USER\\Downloads\\web-positron-main\\web-positron-main\\vendor\\laravel\\framework\\src\\Illuminate\\Foundation\\Console\\KeyGenerateCommand.php(47): Illuminate\\Foundation\\Console\\KeyGenerateCommand->setKeyInEnvironmentFile('base64:NmfAHc3y...')
#5 C:\\Users\\USER\\Downloads\\web-positron-main\\web-positron-main\\vendor\\laravel\\framework\\src\\Illuminate\\Container\\BoundMethod.php(36): Illuminate\\Foundation\\Console\\KeyGenerateCommand->handle()
#6 C:\\Users\\USER\\Downloads\\web-positron-main\\web-positron-main\\vendor\\laravel\\framework\\src\\Illuminate\\Container\\Util.php(43): Illuminate\\Container\\BoundMethod::Illuminate\\Container\\{closure}()
#7 C:\\Users\\USER\\Downloads\\web-positron-main\\web-positron-main\\vendor\\laravel\\framework\\src\\Illuminate\\Container\\BoundMethod.php(96): Illuminate\\Container\\Util::unwrapIfClosure(Object(Closure))
#8 C:\\Users\\USER\\Downloads\\web-positron-main\\web-positron-main\\vendor\\laravel\\framework\\src\\Illuminate\\Container\\BoundMethod.php(35): Illuminate\\Container\\BoundMethod::callBoundMethod(Object(Illuminate\\Foundation\\Application), Array, Object(Closure))
#9 C:\\Users\\USER\\Downloads\\web-positron-main\\web-positron-main\\vendor\\laravel\\framework\\src\\Illuminate\\Container\\Container.php(754): Illuminate\\Container\\BoundMethod::call(Object(Illuminate\\Foundation\\Application), Array, Array, NULL)
#10 C:\\Users\\USER\\Downloads\\web-positron-main\\web-positron-main\\vendor\\laravel\\framework\\src\\Illuminate\\Console\\Command.php(209): Illuminate\\Container\\Container->call(Array)
#11 C:\\Users\\USER\\Downloads\\web-positron-main\\web-positron-main\\vendor\\symfony\\console\\Command\\Command.php(318): Illuminate\\Console\\Command->execute(Object(Symfony\\Component\\Console\\Input\\ArgvInput), Object(Illuminate\\Console\\OutputStyle))
#12 C:\\Users\\USER\\Downloads\\web-positron-main\\web-positron-main\\vendor\\laravel\\framework\\src\\Illuminate\\Console\\Command.php(178): Symfony\\Component\\Console\\Command\\Command->run(Object(Symfony\\Component\\Console\\Input\\ArgvInput), Object(Illuminate\\Console\\OutputStyle))
#13 C:\\Users\\USER\\Downloads\\web-positron-main\\web-positron-main\\vendor\\symfony\\console\\Application.php(1092): Illuminate\\Console\\Command->run(Object(Symfony\\Component\\Console\\Input\\ArgvInput), Object(Symfony\\Component\\Console\\Output\\ConsoleOutput))
#14 C:\\Users\\USER\\Downloads\\web-positron-main\\web-positron-main\\vendor\\symfony\\console\\Application.php(341): Symfony\\Component\\Console\\Application->doRunCommand(Object(Illuminate\\Foundation\\Console\\KeyGenerateCommand), Object(Symfony\\Component\\Console\\Input\\ArgvInput), Object(Symfony\\Component\\Console\\Output\\ConsoleOutput))
#15 C:\\Users\\USER\\Downloads\\web-positron-main\\web-positron-main\\vendor\\symfony\\console\\Application.php(192): Symfony\\Component\\Console\\Application->doRun(Object(Symfony\\Component\\Console\\Input\\ArgvInput), Object(Symfony\\Component\\Console\\Output\\ConsoleOutput))
#16 C:\\Users\\USER\\Downloads\\web-positron-main\\web-positron-main\\vendor\\laravel\\framework\\src\\Illuminate\\Foundation\\Console\\Kernel.php(197): Symfony\\Component\\Console\\Application->run(Object(Symfony\\Component\\Console\\Input\\ArgvInput), Object(Symfony\\Component\\Console\\Output\\ConsoleOutput))
#17 C:\\Users\\USER\\Downloads\\web-positron-main\\web-positron-main\\vendor\\laravel\\framework\\src\\Illuminate\\Foundation\\Application.php(1234): Illuminate\\Foundation\\Console\\Kernel->handle(Object(Symfony\\Component\\Console\\Input\\ArgvInput), Object(Symfony\\Component\\Console\\Output\\ConsoleOutput))
#18 C:\\Users\\USER\\Downloads\\web-positron-main\\web-positron-main\\artisan(16): Illuminate\\Foundation\\Application->handleCommand(Object(Symfony\\Component\\Console\\Input\\ArgvInput))
#19 {main}
"} 
[2025-07-07 14:33:21] local.ERROR: Database file at path [C:\Users\USER\Downloads\web-positron-main\web-positron-main\database\database.sqlite] does not exist. Ensure this is an absolute path to the database. (Connection: sqlite, SQL: select * from "sessions" where "id" = 0CRC3t8eOjbc44GpN588QbcZwbF4wyNAyAinT7uf limit 1) {"exception":"[object] (Illuminate\\Database\\QueryException(code: 0): Database file at path [C:\\Users\\USER\\Downloads\\web-positron-main\\web-positron-main\\database\\database.sqlite] does not exist. Ensure this is an absolute path to the database. (Connection: sqlite, SQL: select * from \"sessions\" where \"id\" = 0CRC3t8eOjbc44GpN588QbcZwbF4wyNAyAinT7uf limit 1) at C:\\Users\\USER\\Downloads\\web-positron-main\\web-positron-main\\vendor\\laravel\\framework\\src\\Illuminate\\Database\\Connection.php:822)
[stacktrace]
#0 C:\\Users\\USER\\Downloads\\web-positron-main\\web-positron-main\\vendor\\laravel\\framework\\src\\Illuminate\\Database\\Connection.php(776): Illuminate\\Database\\Connection->runQueryCallback('select * from \"...', Array, Object(Closure))
#1 C:\\Users\\USER\\Downloads\\web-positron-main\\web-positron-main\\vendor\\laravel\\framework\\src\\Illuminate\\Database\\Connection.php(395): Illuminate\\Database\\Connection->run('select * from \"...', Array, Object(Closure))
#2 C:\\Users\\USER\\Downloads\\web-positron-main\\web-positron-main\\vendor\\laravel\\framework\\src\\Illuminate\\Database\\Query\\Builder.php(3131): Illuminate\\Database\\Connection->select('select * from \"...', Array, false)
#3 C:\\Users\\USER\\Downloads\\web-positron-main\\web-positron-main\\vendor\\laravel\\framework\\src\\Illuminate\\Database\\Query\\Builder.php(3116): Illuminate\\Database\\Query\\Builder->runSelect()
#4 C:\\Users\\USER\\Downloads\\web-positron-main\\web-positron-main\\vendor\\laravel\\framework\\src\\Illuminate\\Database\\Query\\Builder.php(3706): Illuminate\\Database\\Query\\Builder->Illuminate\\Database\\Query\\{closure}()
#5 C:\\Users\\USER\\Downloads\\web-positron-main\\web-positron-main\\vendor\\laravel\\framework\\src\\Illuminate\\Database\\Query\\Builder.php(3115): Illuminate\\Database\\Query\\Builder->onceWithColumns(Array, Object(Closure))
#6 C:\\Users\\USER\\Downloads\\web-positron-main\\web-positron-main\\vendor\\laravel\\framework\\src\\Illuminate\\Database\\Concerns\\BuildsQueries.php(366): Illuminate\\Database\\Query\\Builder->get(Array)
#7 C:\\Users\\USER\\Downloads\\web-positron-main\\web-positron-main\\vendor\\laravel\\framework\\src\\Illuminate\\Database\\Query\\Builder.php(3038): Illuminate\\Database\\Query\\Builder->first(Array)
#8 C:\\Users\\USER\\Downloads\\web-positron-main\\web-positron-main\\vendor\\laravel\\framework\\src\\Illuminate\\Session\\DatabaseSessionHandler.php(96): Illuminate\\Database\\Query\\Builder->find('0CRC3t8eOjbc44G...')
#9 C:\\Users\\USER\\Downloads\\web-positron-main\\web-positron-main\\vendor\\laravel\\framework\\src\\Illuminate\\Session\\Store.php(116): Illuminate\\Session\\DatabaseSessionHandler->read('0CRC3t8eOjbc44G...')
#10 C:\\Users\\USER\\Downloads\\web-positron-main\\web-positron-main\\vendor\\laravel\\framework\\src\\Illuminate\\Session\\Store.php(104): Illuminate\\Session\\Store->readFromHandler()
#11 C:\\Users\\USER\\Downloads\\web-positron-main\\web-positron-main\\vendor\\laravel\\framework\\src\\Illuminate\\Session\\Store.php(88): Illuminate\\Session\\Store->loadSession()
#12 C:\\Users\\USER\\Downloads\\web-positron-main\\web-positron-main\\vendor\\laravel\\framework\\src\\Illuminate\\Session\\Middleware\\StartSession.php(146): Illuminate\\Session\\Store->start()
#13 C:\\Users\\USER\\Downloads\\web-positron-main\\web-positron-main\\vendor\\laravel\\framework\\src\\Illuminate\\Support\\helpers.php(399): Illuminate\\Session\\Middleware\\StartSession->Illuminate\\Session\\Middleware\\{closure}(Object(Illuminate\\Session\\Store))
#14 C:\\Users\\USER\\Downloads\\web-positron-main\\web-positron-main\\vendor\\laravel\\framework\\src\\Illuminate\\Session\\Middleware\\StartSession.php(143): tap(Object(Illuminate\\Session\\Store), Object(Closure))
#15 C:\\Users\\USER\\Downloads\\web-positron-main\\web-positron-main\\vendor\\laravel\\framework\\src\\Illuminate\\Session\\Middleware\\StartSession.php(115): Illuminate\\Session\\Middleware\\StartSession->startSession(Object(Illuminate\\Http\\Request), Object(Illuminate\\Session\\Store))
#16 C:\\Users\\USER\\Downloads\\web-positron-main\\web-positron-main\\vendor\\laravel\\framework\\src\\Illuminate\\Session\\Middleware\\StartSession.php(63): Illuminate\\Session\\Middleware\\StartSession->handleStatefulRequest(Object(Illuminate\\Http\\Request), Object(Illuminate\\Session\\Store), Object(Closure))
#17 C:\\Users\\USER\\Downloads\\web-positron-main\\web-positron-main\\vendor\\laravel\\framework\\src\\Illuminate\\Pipeline\\Pipeline.php(208): Illuminate\\Session\\Middleware\\StartSession->handle(Object(Illuminate\\Http\\Request), Object(Closure))
#18 C:\\Users\\USER\\Downloads\\web-positron-main\\web-positron-main\\vendor\\laravel\\framework\\src\\Illuminate\\Cookie\\Middleware\\AddQueuedCookiesToResponse.php(36): Illuminate\\Pipeline\\Pipeline->Illuminate\\Pipeline\\{closure}(Object(Illuminate\\Http\\Request))
#19 C:\\Users\\USER\\Downloads\\web-positron-main\\web-positron-main\\vendor\\laravel\\framework\\src\\Illuminate\\Pipeline\\Pipeline.php(208): Illuminate\\Cookie\\Middleware\\AddQueuedCookiesToResponse->handle(Object(Illuminate\\Http\\Request), Object(Closure))
#20 C:\\Users\\USER\\Downloads\\web-positron-main\\web-positron-main\\vendor\\laravel\\framework\\src\\Illuminate\\Cookie\\Middleware\\EncryptCookies.php(74): Illuminate\\Pipeline\\Pipeline->Illuminate\\Pipeline\\{closure}(Object(Illuminate\\Http\\Request))
#21 C:\\Users\\USER\\Downloads\\web-positron-main\\web-positron-main\\vendor\\laravel\\framework\\src\\Illuminate\\Pipeline\\Pipeline.php(208): Illuminate\\Cookie\\Middleware\\EncryptCookies->handle(Object(Illuminate\\Http\\Request), Object(Closure))
#22 C:\\Users\\USER\\Downloads\\web-positron-main\\web-positron-main\\vendor\\laravel\\framework\\src\\Illuminate\\Pipeline\\Pipeline.php(126): Illuminate\\Pipeline\\Pipeline->Illuminate\\Pipeline\\{closure}(Object(Illuminate\\Http\\Request))
#23 C:\\Users\\USER\\Downloads\\web-positron-main\\web-positron-main\\vendor\\laravel\\framework\\src\\Illuminate\\Routing\\Router.php(807): Illuminate\\Pipeline\\Pipeline->then(Object(Closure))
#24 C:\\Users\\USER\\Downloads\\web-positron-main\\web-positron-main\\vendor\\laravel\\framework\\src\\Illuminate\\Routing\\Router.php(786): Illuminate\\Routing\\Router->runRouteWithinStack(Object(Illuminate\\Routing\\Route), Object(Illuminate\\Http\\Request))
#25 C:\\Users\\USER\\Downloads\\web-positron-main\\web-positron-main\\vendor\\laravel\\framework\\src\\Illuminate\\Routing\\Router.php(750): Illuminate\\Routing\\Router->runRoute(Object(Illuminate\\Http\\Request), Object(Illuminate\\Routing\\Route))
#26 C:\\Users\\USER\\Downloads\\web-positron-main\\web-positron-main\\vendor\\laravel\\framework\\src\\Illuminate\\Routing\\Router.php(739): Illuminate\\Routing\\Router->dispatchToRoute(Object(Illuminate\\Http\\Request))
#27 C:\\Users\\USER\\Downloads\\web-positron-main\\web-positron-main\\vendor\\laravel\\framework\\src\\Illuminate\\Foundation\\Http\\Kernel.php(200): Illuminate\\Routing\\Router->dispatch(Object(Illuminate\\Http\\Request))
#28 C:\\Users\\USER\\Downloads\\web-positron-main\\web-positron-main\\vendor\\laravel\\framework\\src\\Illuminate\\Pipeline\\Pipeline.php(169): Illuminate\\Foundation\\Http\\Kernel->Illuminate\\Foundation\\Http\\{closure}(Object(Illuminate\\Http\\Request))
#29 C:\\Users\\USER\\Downloads\\web-positron-main\\web-positron-main\\vendor\\laravel\\framework\\src\\Illuminate\\Foundation\\Http\\Middleware\\TransformsRequest.php(21): Illuminate\\Pipeline\\Pipeline->Illuminate\\Pipeline\\{closure}(Object(Illuminate\\Http\\Request))
#30 C:\\Users\\USER\\Downloads\\web-positron-main\\web-positron-main\\vendor\\laravel\\framework\\src\\Illuminate\\Foundation\\Http\\Middleware\\ConvertEmptyStringsToNull.php(31): Illuminate\\Foundation\\Http\\Middleware\\TransformsRequest->handle(Object(Illuminate\\Http\\Request), Object(Closure))
#31 C:\\Users\\USER\\Downloads\\web-positron-main\\web-positron-main\\vendor\\laravel\\framework\\src\\Illuminate\\Pipeline\\Pipeline.php(208): Illuminate\\Foundation\\Http\\Middleware\\ConvertEmptyStringsToNull->handle(Object(Illuminate\\Http\\Request), Object(Closure))
#32 C:\\Users\\USER\\Downloads\\web-positron-main\\web-positron-main\\vendor\\laravel\\framework\\src\\Illuminate\\Foundation\\Http\\Middleware\\TransformsRequest.php(21): Illuminate\\Pipeline\\Pipeline->Illuminate\\Pipeline\\{closure}(Object(Illuminate\\Http\\Request))
#33 C:\\Users\\USER\\Downloads\\web-positron-main\\web-positron-main\\vendor\\laravel\\framework\\src\\Illuminate\\Foundation\\Http\\Middleware\\TrimStrings.php(51): Illuminate\\Foundation\\Http\\Middleware\\TransformsRequest->handle(Object(Illuminate\\Http\\Request), Object(Closure))
#34 C:\\Users\\USER\\Downloads\\web-positron-main\\web-positron-main\\vendor\\laravel\\framework\\src\\Illuminate\\Pipeline\\Pipeline.php(208): Illuminate\\Foundation\\Http\\Middleware\\TrimStrings->handle(Object(Illuminate\\Http\\Request), Object(Closure))
#35 C:\\Users\\USER\\Downloads\\web-positron-main\\web-positron-main\\vendor\\laravel\\framework\\src\\Illuminate\\Http\\Middleware\\ValidatePostSize.php(27): Illuminate\\Pipeline\\Pipeline->Illuminate\\Pipeline\\{closure}(Object(Illuminate\\Http\\Request))
#36 C:\\Users\\USER\\Downloads\\web-positron-main\\web-positron-main\\vendor\\laravel\\framework\\src\\Illuminate\\Pipeline\\Pipeline.php(208): Illuminate\\Http\\Middleware\\ValidatePostSize->handle(Object(Illuminate\\Http\\Request), Object(Closure))
#37 C:\\Users\\USER\\Downloads\\web-positron-main\\web-positron-main\\vendor\\laravel\\framework\\src\\Illuminate\\Foundation\\Http\\Middleware\\PreventRequestsDuringMaintenance.php(109): Illuminate\\Pipeline\\Pipeline->Illuminate\\Pipeline\\{closure}(Object(Illuminate\\Http\\Request))
#38 C:\\Users\\USER\\Downloads\\web-positron-main\\web-positron-main\\vendor\\laravel\\framework\\src\\Illuminate\\Pipeline\\Pipeline.php(208): Illuminate\\Foundation\\Http\\Middleware\\PreventRequestsDuringMaintenance->handle(Object(Illuminate\\Http\\Request), Object(Closure))
#39 C:\\Users\\USER\\Downloads\\web-positron-main\\web-positron-main\\vendor\\laravel\\framework\\src\\Illuminate\\Http\\Middleware\\HandleCors.php(48): Illuminate\\Pipeline\\Pipeline->Illuminate\\Pipeline\\{closure}(Object(Illuminate\\Http\\Request))
#40 C:\\Users\\USER\\Downloads\\web-positron-main\\web-positron-main\\vendor\\laravel\\framework\\src\\Illuminate\\Pipeline\\Pipeline.php(208): Illuminate\\Http\\Middleware\\HandleCors->handle(Object(Illuminate\\Http\\Request), Object(Closure))
#41 C:\\Users\\USER\\Downloads\\web-positron-main\\web-positron-main\\vendor\\laravel\\framework\\src\\Illuminate\\Http\\Middleware\\TrustProxies.php(58): Illuminate\\Pipeline\\Pipeline->Illuminate\\Pipeline\\{closure}(Object(Illuminate\\Http\\Request))
#42 C:\\Users\\USER\\Downloads\\web-positron-main\\web-positron-main\\vendor\\laravel\\framework\\src\\Illuminate\\Pipeline\\Pipeline.php(208): Illuminate\\Http\\Middleware\\TrustProxies->handle(Object(Illuminate\\Http\\Request), Object(Closure))
#43 C:\\Users\\USER\\Downloads\\web-positron-main\\web-positron-main\\vendor\\laravel\\framework\\src\\Illuminate\\Foundation\\Http\\Middleware\\InvokeDeferredCallbacks.php(22): Illuminate\\Pipeline\\Pipeline->Illuminate\\Pipeline\\{closure}(Object(Illuminate\\Http\\Request))
#44 C:\\Users\\USER\\Downloads\\web-positron-main\\web-positron-main\\vendor\\laravel\\framework\\src\\Illuminate\\Pipeline\\Pipeline.php(208): Illuminate\\Foundation\\Http\\Middleware\\InvokeDeferredCallbacks->handle(Object(Illuminate\\Http\\Request), Object(Closure))
#45 C:\\Users\\USER\\Downloads\\web-positron-main\\web-positron-main\\vendor\\laravel\\framework\\src\\Illuminate\\Http\\Middleware\\ValidatePathEncoding.php(26): Illuminate\\Pipeline\\Pipeline->Illuminate\\Pipeline\\{closure}(Object(Illuminate\\Http\\Request))
#46 C:\\Users\\USER\\Downloads\\web-positron-main\\web-positron-main\\vendor\\laravel\\framework\\src\\Illuminate\\Pipeline\\Pipeline.php(208): Illuminate\\Http\\Middleware\\ValidatePathEncoding->handle(Object(Illuminate\\Http\\Request), Object(Closure))
#47 C:\\Users\\USER\\Downloads\\web-positron-main\\web-positron-main\\vendor\\laravel\\framework\\src\\Illuminate\\Pipeline\\Pipeline.php(126): Illuminate\\Pipeline\\Pipeline->Illuminate\\Pipeline\\{closure}(Object(Illuminate\\Http\\Request))
#48 C:\\Users\\USER\\Downloads\\web-positron-main\\web-positron-main\\vendor\\laravel\\framework\\src\\Illuminate\\Foundation\\Http\\Kernel.php(175): Illuminate\\Pipeline\\Pipeline->then(Object(Closure))
#49 C:\\Users\\USER\\Downloads\\web-positron-main\\web-positron-main\\vendor\\laravel\\framework\\src\\Illuminate\\Foundation\\Http\\Kernel.php(144): Illuminate\\Foundation\\Http\\Kernel->sendRequestThroughRouter(Object(Illuminate\\Http\\Request))
#50 C:\\Users\\USER\\Downloads\\web-positron-main\\web-positron-main\\vendor\\laravel\\framework\\src\\Illuminate\\Foundation\\Application.php(1219): Illuminate\\Foundation\\Http\\Kernel->handle(Object(Illuminate\\Http\\Request))
#51 C:\\Users\\USER\\Downloads\\web-positron-main\\web-positron-main\\public\\index.php(20): Illuminate\\Foundation\\Application->handleRequest(Object(Illuminate\\Http\\Request))
#52 C:\\Users\\USER\\Downloads\\web-positron-main\\web-positron-main\\vendor\\laravel\\framework\\src\\Illuminate\\Foundation\\resources\\server.php(23): require_once('C:\\\\Users\\\\USER\\\\D...')
#53 {main}

[previous exception] [object] (Illuminate\\Database\\SQLiteDatabaseDoesNotExistException(code: 0): Database file at path [C:\\Users\\USER\\Downloads\\web-positron-main\\web-positron-main\\database\\database.sqlite] does not exist. Ensure this is an absolute path to the database. at C:\\Users\\USER\\Downloads\\web-positron-main\\web-positron-main\\vendor\\laravel\\framework\\src\\Illuminate\\Database\\Connectors\\SQLiteConnector.php:59)
[stacktrace]
#0 C:\\Users\\USER\\Downloads\\web-positron-main\\web-positron-main\\vendor\\laravel\\framework\\src\\Illuminate\\Database\\Connectors\\SQLiteConnector.php(19): Illuminate\\Database\\Connectors\\SQLiteConnector->parseDatabasePath(false)
#1 C:\\Users\\USER\\Downloads\\web-positron-main\\web-positron-main\\vendor\\laravel\\framework\\src\\Illuminate\\Database\\Connectors\\ConnectionFactory.php(223): Illuminate\\Database\\Connectors\\SQLiteConnector->connect(Array)
#2 [internal function]: Illuminate\\Database\\Connectors\\ConnectionFactory->Illuminate\\Database\\Connectors\\{closure}()
#3 C:\\Users\\USER\\Downloads\\web-positron-main\\web-positron-main\\vendor\\laravel\\framework\\src\\Illuminate\\Database\\Connection.php(1228): call_user_func(Object(Closure))
#4 C:\\Users\\USER\\Downloads\\web-positron-main\\web-positron-main\\vendor\\laravel\\framework\\src\\Illuminate\\Database\\Connection.php(509): Illuminate\\Database\\Connection->getPdo()
#5 C:\\Users\\USER\\Downloads\\web-positron-main\\web-positron-main\\vendor\\laravel\\framework\\src\\Illuminate\\Database\\Connection.php(404): Illuminate\\Database\\Connection->getPdoForSelect(false)
#6 C:\\Users\\USER\\Downloads\\web-positron-main\\web-positron-main\\vendor\\laravel\\framework\\src\\Illuminate\\Database\\Connection.php(809): Illuminate\\Database\\Connection->Illuminate\\Database\\{closure}('select * from \"...', Array)
#7 C:\\Users\\USER\\Downloads\\web-positron-main\\web-positron-main\\vendor\\laravel\\framework\\src\\Illuminate\\Database\\Connection.php(776): Illuminate\\Database\\Connection->runQueryCallback('select * from \"...', Array, Object(Closure))
#8 C:\\Users\\USER\\Downloads\\web-positron-main\\web-positron-main\\vendor\\laravel\\framework\\src\\Illuminate\\Database\\Connection.php(395): Illuminate\\Database\\Connection->run('select * from \"...', Array, Object(Closure))
#9 C:\\Users\\USER\\Downloads\\web-positron-main\\web-positron-main\\vendor\\laravel\\framework\\src\\Illuminate\\Database\\Query\\Builder.php(3131): Illuminate\\Database\\Connection->select('select * from \"...', Array, false)
#10 C:\\Users\\USER\\Downloads\\web-positron-main\\web-positron-main\\vendor\\laravel\\framework\\src\\Illuminate\\Database\\Query\\Builder.php(3116): Illuminate\\Database\\Query\\Builder->runSelect()
#11 C:\\Users\\USER\\Downloads\\web-positron-main\\web-positron-main\\vendor\\laravel\\framework\\src\\Illuminate\\Database\\Query\\Builder.php(3706): Illuminate\\Database\\Query\\Builder->Illuminate\\Database\\Query\\{closure}()
#12 C:\\Users\\USER\\Downloads\\web-positron-main\\web-positron-main\\vendor\\laravel\\framework\\src\\Illuminate\\Database\\Query\\Builder.php(3115): Illuminate\\Database\\Query\\Builder->onceWithColumns(Array, Object(Closure))
#13 C:\\Users\\USER\\Downloads\\web-positron-main\\web-positron-main\\vendor\\laravel\\framework\\src\\Illuminate\\Database\\Concerns\\BuildsQueries.php(366): Illuminate\\Database\\Query\\Builder->get(Array)
#14 C:\\Users\\USER\\Downloads\\web-positron-main\\web-positron-main\\vendor\\laravel\\framework\\src\\Illuminate\\Database\\Query\\Builder.php(3038): Illuminate\\Database\\Query\\Builder->first(Array)
#15 C:\\Users\\USER\\Downloads\\web-positron-main\\web-positron-main\\vendor\\laravel\\framework\\src\\Illuminate\\Session\\DatabaseSessionHandler.php(96): Illuminate\\Database\\Query\\Builder->find('0CRC3t8eOjbc44G...')
#16 C:\\Users\\USER\\Downloads\\web-positron-main\\web-positron-main\\vendor\\laravel\\framework\\src\\Illuminate\\Session\\Store.php(116): Illuminate\\Session\\DatabaseSessionHandler->read('0CRC3t8eOjbc44G...')
#17 C:\\Users\\USER\\Downloads\\web-positron-main\\web-positron-main\\vendor\\laravel\\framework\\src\\Illuminate\\Session\\Store.php(104): Illuminate\\Session\\Store->readFromHandler()
#18 C:\\Users\\USER\\Downloads\\web-positron-main\\web-positron-main\\vendor\\laravel\\framework\\src\\Illuminate\\Session\\Store.php(88): Illuminate\\Session\\Store->loadSession()
#19 C:\\Users\\USER\\Downloads\\web-positron-main\\web-positron-main\\vendor\\laravel\\framework\\src\\Illuminate\\Session\\Middleware\\StartSession.php(146): Illuminate\\Session\\Store->start()
#20 C:\\Users\\USER\\Downloads\\web-positron-main\\web-positron-main\\vendor\\laravel\\framework\\src\\Illuminate\\Support\\helpers.php(399): Illuminate\\Session\\Middleware\\StartSession->Illuminate\\Session\\Middleware\\{closure}(Object(Illuminate\\Session\\Store))
#21 C:\\Users\\USER\\Downloads\\web-positron-main\\web-positron-main\\vendor\\laravel\\framework\\src\\Illuminate\\Session\\Middleware\\StartSession.php(143): tap(Object(Illuminate\\Session\\Store), Object(Closure))
#22 C:\\Users\\USER\\Downloads\\web-positron-main\\web-positron-main\\vendor\\laravel\\framework\\src\\Illuminate\\Session\\Middleware\\StartSession.php(115): Illuminate\\Session\\Middleware\\StartSession->startSession(Object(Illuminate\\Http\\Request), Object(Illuminate\\Session\\Store))
#23 C:\\Users\\USER\\Downloads\\web-positron-main\\web-positron-main\\vendor\\laravel\\framework\\src\\Illuminate\\Session\\Middleware\\StartSession.php(63): Illuminate\\Session\\Middleware\\StartSession->handleStatefulRequest(Object(Illuminate\\Http\\Request), Object(Illuminate\\Session\\Store), Object(Closure))
#24 C:\\Users\\USER\\Downloads\\web-positron-main\\web-positron-main\\vendor\\laravel\\framework\\src\\Illuminate\\Pipeline\\Pipeline.php(208): Illuminate\\Session\\Middleware\\StartSession->handle(Object(Illuminate\\Http\\Request), Object(Closure))
#25 C:\\Users\\USER\\Downloads\\web-positron-main\\web-positron-main\\vendor\\laravel\\framework\\src\\Illuminate\\Cookie\\Middleware\\AddQueuedCookiesToResponse.php(36): Illuminate\\Pipeline\\Pipeline->Illuminate\\Pipeline\\{closure}(Object(Illuminate\\Http\\Request))
#26 C:\\Users\\USER\\Downloads\\web-positron-main\\web-positron-main\\vendor\\laravel\\framework\\src\\Illuminate\\Pipeline\\Pipeline.php(208): Illuminate\\Cookie\\Middleware\\AddQueuedCookiesToResponse->handle(Object(Illuminate\\Http\\Request), Object(Closure))
#27 C:\\Users\\USER\\Downloads\\web-positron-main\\web-positron-main\\vendor\\laravel\\framework\\src\\Illuminate\\Cookie\\Middleware\\EncryptCookies.php(74): Illuminate\\Pipeline\\Pipeline->Illuminate\\Pipeline\\{closure}(Object(Illuminate\\Http\\Request))
#28 C:\\Users\\USER\\Downloads\\web-positron-main\\web-positron-main\\vendor\\laravel\\framework\\src\\Illuminate\\Pipeline\\Pipeline.php(208): Illuminate\\Cookie\\Middleware\\EncryptCookies->handle(Object(Illuminate\\Http\\Request), Object(Closure))
#29 C:\\Users\\USER\\Downloads\\web-positron-main\\web-positron-main\\vendor\\laravel\\framework\\src\\Illuminate\\Pipeline\\Pipeline.php(126): Illuminate\\Pipeline\\Pipeline->Illuminate\\Pipeline\\{closure}(Object(Illuminate\\Http\\Request))
#30 C:\\Users\\USER\\Downloads\\web-positron-main\\web-positron-main\\vendor\\laravel\\framework\\src\\Illuminate\\Routing\\Router.php(807): Illuminate\\Pipeline\\Pipeline->then(Object(Closure))
#31 C:\\Users\\USER\\Downloads\\web-positron-main\\web-positron-main\\vendor\\laravel\\framework\\src\\Illuminate\\Routing\\Router.php(786): Illuminate\\Routing\\Router->runRouteWithinStack(Object(Illuminate\\Routing\\Route), Object(Illuminate\\Http\\Request))
#32 C:\\Users\\USER\\Downloads\\web-positron-main\\web-positron-main\\vendor\\laravel\\framework\\src\\Illuminate\\Routing\\Router.php(750): Illuminate\\Routing\\Router->runRoute(Object(Illuminate\\Http\\Request), Object(Illuminate\\Routing\\Route))
#33 C:\\Users\\USER\\Downloads\\web-positron-main\\web-positron-main\\vendor\\laravel\\framework\\src\\Illuminate\\Routing\\Router.php(739): Illuminate\\Routing\\Router->dispatchToRoute(Object(Illuminate\\Http\\Request))
#34 C:\\Users\\USER\\Downloads\\web-positron-main\\web-positron-main\\vendor\\laravel\\framework\\src\\Illuminate\\Foundation\\Http\\Kernel.php(200): Illuminate\\Routing\\Router->dispatch(Object(Illuminate\\Http\\Request))
#35 C:\\Users\\USER\\Downloads\\web-positron-main\\web-positron-main\\vendor\\laravel\\framework\\src\\Illuminate\\Pipeline\\Pipeline.php(169): Illuminate\\Foundation\\Http\\Kernel->Illuminate\\Foundation\\Http\\{closure}(Object(Illuminate\\Http\\Request))
#36 C:\\Users\\USER\\Downloads\\web-positron-main\\web-positron-main\\vendor\\laravel\\framework\\src\\Illuminate\\Foundation\\Http\\Middleware\\TransformsRequest.php(21): Illuminate\\Pipeline\\Pipeline->Illuminate\\Pipeline\\{closure}(Object(Illuminate\\Http\\Request))
#37 C:\\Users\\USER\\Downloads\\web-positron-main\\web-positron-main\\vendor\\laravel\\framework\\src\\Illuminate\\Foundation\\Http\\Middleware\\ConvertEmptyStringsToNull.php(31): Illuminate\\Foundation\\Http\\Middleware\\TransformsRequest->handle(Object(Illuminate\\Http\\Request), Object(Closure))
#38 C:\\Users\\USER\\Downloads\\web-positron-main\\web-positron-main\\vendor\\laravel\\framework\\src\\Illuminate\\Pipeline\\Pipeline.php(208): Illuminate\\Foundation\\Http\\Middleware\\ConvertEmptyStringsToNull->handle(Object(Illuminate\\Http\\Request), Object(Closure))
#39 C:\\Users\\USER\\Downloads\\web-positron-main\\web-positron-main\\vendor\\laravel\\framework\\src\\Illuminate\\Foundation\\Http\\Middleware\\TransformsRequest.php(21): Illuminate\\Pipeline\\Pipeline->Illuminate\\Pipeline\\{closure}(Object(Illuminate\\Http\\Request))
#40 C:\\Users\\USER\\Downloads\\web-positron-main\\web-positron-main\\vendor\\laravel\\framework\\src\\Illuminate\\Foundation\\Http\\Middleware\\TrimStrings.php(51): Illuminate\\Foundation\\Http\\Middleware\\TransformsRequest->handle(Object(Illuminate\\Http\\Request), Object(Closure))
#41 C:\\Users\\USER\\Downloads\\web-positron-main\\web-positron-main\\vendor\\laravel\\framework\\src\\Illuminate\\Pipeline\\Pipeline.php(208): Illuminate\\Foundation\\Http\\Middleware\\TrimStrings->handle(Object(Illuminate\\Http\\Request), Object(Closure))
#42 C:\\Users\\USER\\Downloads\\web-positron-main\\web-positron-main\\vendor\\laravel\\framework\\src\\Illuminate\\Http\\Middleware\\ValidatePostSize.php(27): Illuminate\\Pipeline\\Pipeline->Illuminate\\Pipeline\\{closure}(Object(Illuminate\\Http\\Request))
#43 C:\\Users\\USER\\Downloads\\web-positron-main\\web-positron-main\\vendor\\laravel\\framework\\src\\Illuminate\\Pipeline\\Pipeline.php(208): Illuminate\\Http\\Middleware\\ValidatePostSize->handle(Object(Illuminate\\Http\\Request), Object(Closure))
#44 C:\\Users\\USER\\Downloads\\web-positron-main\\web-positron-main\\vendor\\laravel\\framework\\src\\Illuminate\\Foundation\\Http\\Middleware\\PreventRequestsDuringMaintenance.php(109): Illuminate\\Pipeline\\Pipeline->Illuminate\\Pipeline\\{closure}(Object(Illuminate\\Http\\Request))
#45 C:\\Users\\USER\\Downloads\\web-positron-main\\web-positron-main\\vendor\\laravel\\framework\\src\\Illuminate\\Pipeline\\Pipeline.php(208): Illuminate\\Foundation\\Http\\Middleware\\PreventRequestsDuringMaintenance->handle(Object(Illuminate\\Http\\Request), Object(Closure))
#46 C:\\Users\\USER\\Downloads\\web-positron-main\\web-positron-main\\vendor\\laravel\\framework\\src\\Illuminate\\Http\\Middleware\\HandleCors.php(48): Illuminate\\Pipeline\\Pipeline->Illuminate\\Pipeline\\{closure}(Object(Illuminate\\Http\\Request))
#47 C:\\Users\\USER\\Downloads\\web-positron-main\\web-positron-main\\vendor\\laravel\\framework\\src\\Illuminate\\Pipeline\\Pipeline.php(208): Illuminate\\Http\\Middleware\\HandleCors->handle(Object(Illuminate\\Http\\Request), Object(Closure))
#48 C:\\Users\\USER\\Downloads\\web-positron-main\\web-positron-main\\vendor\\laravel\\framework\\src\\Illuminate\\Http\\Middleware\\TrustProxies.php(58): Illuminate\\Pipeline\\Pipeline->Illuminate\\Pipeline\\{closure}(Object(Illuminate\\Http\\Request))
#49 C:\\Users\\USER\\Downloads\\web-positron-main\\web-positron-main\\vendor\\laravel\\framework\\src\\Illuminate\\Pipeline\\Pipeline.php(208): Illuminate\\Http\\Middleware\\TrustProxies->handle(Object(Illuminate\\Http\\Request), Object(Closure))
#50 C:\\Users\\USER\\Downloads\\web-positron-main\\web-positron-main\\vendor\\laravel\\framework\\src\\Illuminate\\Foundation\\Http\\Middleware\\InvokeDeferredCallbacks.php(22): Illuminate\\Pipeline\\Pipeline->Illuminate\\Pipeline\\{closure}(Object(Illuminate\\Http\\Request))
#51 C:\\Users\\USER\\Downloads\\web-positron-main\\web-positron-main\\vendor\\laravel\\framework\\src\\Illuminate\\Pipeline\\Pipeline.php(208): Illuminate\\Foundation\\Http\\Middleware\\InvokeDeferredCallbacks->handle(Object(Illuminate\\Http\\Request), Object(Closure))
#52 C:\\Users\\USER\\Downloads\\web-positron-main\\web-positron-main\\vendor\\laravel\\framework\\src\\Illuminate\\Http\\Middleware\\ValidatePathEncoding.php(26): Illuminate\\Pipeline\\Pipeline->Illuminate\\Pipeline\\{closure}(Object(Illuminate\\Http\\Request))
#53 C:\\Users\\USER\\Downloads\\web-positron-main\\web-positron-main\\vendor\\laravel\\framework\\src\\Illuminate\\Pipeline\\Pipeline.php(208): Illuminate\\Http\\Middleware\\ValidatePathEncoding->handle(Object(Illuminate\\Http\\Request), Object(Closure))
#54 C:\\Users\\USER\\Downloads\\web-positron-main\\web-positron-main\\vendor\\laravel\\framework\\src\\Illuminate\\Pipeline\\Pipeline.php(126): Illuminate\\Pipeline\\Pipeline->Illuminate\\Pipeline\\{closure}(Object(Illuminate\\Http\\Request))
#55 C:\\Users\\USER\\Downloads\\web-positron-main\\web-positron-main\\vendor\\laravel\\framework\\src\\Illuminate\\Foundation\\Http\\Kernel.php(175): Illuminate\\Pipeline\\Pipeline->then(Object(Closure))
#56 C:\\Users\\USER\\Downloads\\web-positron-main\\web-positron-main\\vendor\\laravel\\framework\\src\\Illuminate\\Foundation\\Http\\Kernel.php(144): Illuminate\\Foundation\\Http\\Kernel->sendRequestThroughRouter(Object(Illuminate\\Http\\Request))
#57 C:\\Users\\USER\\Downloads\\web-positron-main\\web-positron-main\\vendor\\laravel\\framework\\src\\Illuminate\\Foundation\\Application.php(1219): Illuminate\\Foundation\\Http\\Kernel->handle(Object(Illuminate\\Http\\Request))
#58 C:\\Users\\USER\\Downloads\\web-positron-main\\web-positron-main\\public\\index.php(20): Illuminate\\Foundation\\Application->handleRequest(Object(Illuminate\\Http\\Request))
#59 C:\\Users\\USER\\Downloads\\web-positron-main\\web-positron-main\\vendor\\laravel\\framework\\src\\Illuminate\\Foundation\\resources\\server.php(23): require_once('C:\\\\Users\\\\USER\\\\D...')
#60 {main}
"} 
[2025-07-07 19:44:33] local.ERROR: SQLSTATE[HY000] [2002] No connection could be made because the target machine actively refused it (Connection: mysql, SQL: select * from `sessions` where `id` = 1I183VthQTy3XqGoSibuFkXBa1ZEydD9WHNMEi5V limit 1) {"exception":"[object] (Illuminate\\Database\\QueryException(code: 2002): SQLSTATE[HY000] [2002] No connection could be made because the target machine actively refused it (Connection: mysql, SQL: select * from `sessions` where `id` = 1I183VthQTy3XqGoSibuFkXBa1ZEydD9WHNMEi5V limit 1) at C:\\Users\\USER\\Downloads\\web-positron-main\\web-positron-main\\vendor\\laravel\\framework\\src\\Illuminate\\Database\\Connection.php:822)
[stacktrace]
#0 C:\\Users\\USER\\Downloads\\web-positron-main\\web-positron-main\\vendor\\laravel\\framework\\src\\Illuminate\\Database\\Connection.php(976): Illuminate\\Database\\Connection->runQueryCallback('select * from `...', Array, Object(Closure))
#1 C:\\Users\\USER\\Downloads\\web-positron-main\\web-positron-main\\vendor\\laravel\\framework\\src\\Illuminate\\Database\\Connection.php(955): Illuminate\\Database\\Connection->tryAgainIfCausedByLostConnection(Object(Illuminate\\Database\\QueryException), 'select * from `...', Array, Object(Closure))
#2 C:\\Users\\USER\\Downloads\\web-positron-main\\web-positron-main\\vendor\\laravel\\framework\\src\\Illuminate\\Database\\Connection.php(778): Illuminate\\Database\\Connection->handleQueryException(Object(Illuminate\\Database\\QueryException), 'select * from `...', Array, Object(Closure))
#3 C:\\Users\\USER\\Downloads\\web-positron-main\\web-positron-main\\vendor\\laravel\\framework\\src\\Illuminate\\Database\\Connection.php(395): Illuminate\\Database\\Connection->run('select * from `...', Array, Object(Closure))
#4 C:\\Users\\USER\\Downloads\\web-positron-main\\web-positron-main\\vendor\\laravel\\framework\\src\\Illuminate\\Database\\Query\\Builder.php(3131): Illuminate\\Database\\Connection->select('select * from `...', Array, false)
#5 C:\\Users\\USER\\Downloads\\web-positron-main\\web-positron-main\\vendor\\laravel\\framework\\src\\Illuminate\\Database\\Query\\Builder.php(3116): Illuminate\\Database\\Query\\Builder->runSelect()
#6 C:\\Users\\USER\\Downloads\\web-positron-main\\web-positron-main\\vendor\\laravel\\framework\\src\\Illuminate\\Database\\Query\\Builder.php(3706): Illuminate\\Database\\Query\\Builder->Illuminate\\Database\\Query\\{closure}()
#7 C:\\Users\\USER\\Downloads\\web-positron-main\\web-positron-main\\vendor\\laravel\\framework\\src\\Illuminate\\Database\\Query\\Builder.php(3115): Illuminate\\Database\\Query\\Builder->onceWithColumns(Array, Object(Closure))
#8 C:\\Users\\USER\\Downloads\\web-positron-main\\web-positron-main\\vendor\\laravel\\framework\\src\\Illuminate\\Database\\Concerns\\BuildsQueries.php(366): Illuminate\\Database\\Query\\Builder->get(Array)
#9 C:\\Users\\USER\\Downloads\\web-positron-main\\web-positron-main\\vendor\\laravel\\framework\\src\\Illuminate\\Database\\Query\\Builder.php(3038): Illuminate\\Database\\Query\\Builder->first(Array)
#10 C:\\Users\\USER\\Downloads\\web-positron-main\\web-positron-main\\vendor\\laravel\\framework\\src\\Illuminate\\Session\\DatabaseSessionHandler.php(96): Illuminate\\Database\\Query\\Builder->find('1I183VthQTy3XqG...')
#11 C:\\Users\\USER\\Downloads\\web-positron-main\\web-positron-main\\vendor\\laravel\\framework\\src\\Illuminate\\Session\\Store.php(116): Illuminate\\Session\\DatabaseSessionHandler->read('1I183VthQTy3XqG...')
#12 C:\\Users\\USER\\Downloads\\web-positron-main\\web-positron-main\\vendor\\laravel\\framework\\src\\Illuminate\\Session\\Store.php(104): Illuminate\\Session\\Store->readFromHandler()
#13 C:\\Users\\USER\\Downloads\\web-positron-main\\web-positron-main\\vendor\\laravel\\framework\\src\\Illuminate\\Session\\Store.php(88): Illuminate\\Session\\Store->loadSession()
#14 C:\\Users\\USER\\Downloads\\web-positron-main\\web-positron-main\\vendor\\laravel\\framework\\src\\Illuminate\\Session\\Middleware\\StartSession.php(146): Illuminate\\Session\\Store->start()
#15 C:\\Users\\USER\\Downloads\\web-positron-main\\web-positron-main\\vendor\\laravel\\framework\\src\\Illuminate\\Support\\helpers.php(399): Illuminate\\Session\\Middleware\\StartSession->Illuminate\\Session\\Middleware\\{closure}(Object(Illuminate\\Session\\Store))
#16 C:\\Users\\USER\\Downloads\\web-positron-main\\web-positron-main\\vendor\\laravel\\framework\\src\\Illuminate\\Session\\Middleware\\StartSession.php(143): tap(Object(Illuminate\\Session\\Store), Object(Closure))
#17 C:\\Users\\USER\\Downloads\\web-positron-main\\web-positron-main\\vendor\\laravel\\framework\\src\\Illuminate\\Session\\Middleware\\StartSession.php(115): Illuminate\\Session\\Middleware\\StartSession->startSession(Object(Illuminate\\Http\\Request), Object(Illuminate\\Session\\Store))
#18 C:\\Users\\USER\\Downloads\\web-positron-main\\web-positron-main\\vendor\\laravel\\framework\\src\\Illuminate\\Session\\Middleware\\StartSession.php(63): Illuminate\\Session\\Middleware\\StartSession->handleStatefulRequest(Object(Illuminate\\Http\\Request), Object(Illuminate\\Session\\Store), Object(Closure))
#19 C:\\Users\\USER\\Downloads\\web-positron-main\\web-positron-main\\vendor\\laravel\\framework\\src\\Illuminate\\Pipeline\\Pipeline.php(208): Illuminate\\Session\\Middleware\\StartSession->handle(Object(Illuminate\\Http\\Request), Object(Closure))
#20 C:\\Users\\USER\\Downloads\\web-positron-main\\web-positron-main\\vendor\\laravel\\framework\\src\\Illuminate\\Cookie\\Middleware\\AddQueuedCookiesToResponse.php(36): Illuminate\\Pipeline\\Pipeline->Illuminate\\Pipeline\\{closure}(Object(Illuminate\\Http\\Request))
#21 C:\\Users\\USER\\Downloads\\web-positron-main\\web-positron-main\\vendor\\laravel\\framework\\src\\Illuminate\\Pipeline\\Pipeline.php(208): Illuminate\\Cookie\\Middleware\\AddQueuedCookiesToResponse->handle(Object(Illuminate\\Http\\Request), Object(Closure))
#22 C:\\Users\\USER\\Downloads\\web-positron-main\\web-positron-main\\vendor\\laravel\\framework\\src\\Illuminate\\Cookie\\Middleware\\EncryptCookies.php(74): Illuminate\\Pipeline\\Pipeline->Illuminate\\Pipeline\\{closure}(Object(Illuminate\\Http\\Request))
#23 C:\\Users\\USER\\Downloads\\web-positron-main\\web-positron-main\\vendor\\laravel\\framework\\src\\Illuminate\\Pipeline\\Pipeline.php(208): Illuminate\\Cookie\\Middleware\\EncryptCookies->handle(Object(Illuminate\\Http\\Request), Object(Closure))
#24 C:\\Users\\USER\\Downloads\\web-positron-main\\web-positron-main\\vendor\\laravel\\framework\\src\\Illuminate\\Pipeline\\Pipeline.php(126): Illuminate\\Pipeline\\Pipeline->Illuminate\\Pipeline\\{closure}(Object(Illuminate\\Http\\Request))
#25 C:\\Users\\USER\\Downloads\\web-positron-main\\web-positron-main\\vendor\\laravel\\framework\\src\\Illuminate\\Routing\\Router.php(807): Illuminate\\Pipeline\\Pipeline->then(Object(Closure))
#26 C:\\Users\\USER\\Downloads\\web-positron-main\\web-positron-main\\vendor\\laravel\\framework\\src\\Illuminate\\Routing\\Router.php(786): Illuminate\\Routing\\Router->runRouteWithinStack(Object(Illuminate\\Routing\\Route), Object(Illuminate\\Http\\Request))
#27 C:\\Users\\USER\\Downloads\\web-positron-main\\web-positron-main\\vendor\\laravel\\framework\\src\\Illuminate\\Routing\\Router.php(750): Illuminate\\Routing\\Router->runRoute(Object(Illuminate\\Http\\Request), Object(Illuminate\\Routing\\Route))
#28 C:\\Users\\USER\\Downloads\\web-positron-main\\web-positron-main\\vendor\\laravel\\framework\\src\\Illuminate\\Routing\\Router.php(739): Illuminate\\Routing\\Router->dispatchToRoute(Object(Illuminate\\Http\\Request))
#29 C:\\Users\\USER\\Downloads\\web-positron-main\\web-positron-main\\vendor\\laravel\\framework\\src\\Illuminate\\Foundation\\Http\\Kernel.php(200): Illuminate\\Routing\\Router->dispatch(Object(Illuminate\\Http\\Request))
#30 C:\\Users\\USER\\Downloads\\web-positron-main\\web-positron-main\\vendor\\laravel\\framework\\src\\Illuminate\\Pipeline\\Pipeline.php(169): Illuminate\\Foundation\\Http\\Kernel->Illuminate\\Foundation\\Http\\{closure}(Object(Illuminate\\Http\\Request))
#31 C:\\Users\\USER\\Downloads\\web-positron-main\\web-positron-main\\vendor\\laravel\\framework\\src\\Illuminate\\Foundation\\Http\\Middleware\\TransformsRequest.php(21): Illuminate\\Pipeline\\Pipeline->Illuminate\\Pipeline\\{closure}(Object(Illuminate\\Http\\Request))
#32 C:\\Users\\USER\\Downloads\\web-positron-main\\web-positron-main\\vendor\\laravel\\framework\\src\\Illuminate\\Foundation\\Http\\Middleware\\ConvertEmptyStringsToNull.php(31): Illuminate\\Foundation\\Http\\Middleware\\TransformsRequest->handle(Object(Illuminate\\Http\\Request), Object(Closure))
#33 C:\\Users\\USER\\Downloads\\web-positron-main\\web-positron-main\\vendor\\laravel\\framework\\src\\Illuminate\\Pipeline\\Pipeline.php(208): Illuminate\\Foundation\\Http\\Middleware\\ConvertEmptyStringsToNull->handle(Object(Illuminate\\Http\\Request), Object(Closure))
#34 C:\\Users\\USER\\Downloads\\web-positron-main\\web-positron-main\\vendor\\laravel\\framework\\src\\Illuminate\\Foundation\\Http\\Middleware\\TransformsRequest.php(21): Illuminate\\Pipeline\\Pipeline->Illuminate\\Pipeline\\{closure}(Object(Illuminate\\Http\\Request))
#35 C:\\Users\\USER\\Downloads\\web-positron-main\\web-positron-main\\vendor\\laravel\\framework\\src\\Illuminate\\Foundation\\Http\\Middleware\\TrimStrings.php(51): Illuminate\\Foundation\\Http\\Middleware\\TransformsRequest->handle(Object(Illuminate\\Http\\Request), Object(Closure))
#36 C:\\Users\\USER\\Downloads\\web-positron-main\\web-positron-main\\vendor\\laravel\\framework\\src\\Illuminate\\Pipeline\\Pipeline.php(208): Illuminate\\Foundation\\Http\\Middleware\\TrimStrings->handle(Object(Illuminate\\Http\\Request), Object(Closure))
#37 C:\\Users\\USER\\Downloads\\web-positron-main\\web-positron-main\\vendor\\laravel\\framework\\src\\Illuminate\\Http\\Middleware\\ValidatePostSize.php(27): Illuminate\\Pipeline\\Pipeline->Illuminate\\Pipeline\\{closure}(Object(Illuminate\\Http\\Request))
#38 C:\\Users\\USER\\Downloads\\web-positron-main\\web-positron-main\\vendor\\laravel\\framework\\src\\Illuminate\\Pipeline\\Pipeline.php(208): Illuminate\\Http\\Middleware\\ValidatePostSize->handle(Object(Illuminate\\Http\\Request), Object(Closure))
#39 C:\\Users\\USER\\Downloads\\web-positron-main\\web-positron-main\\vendor\\laravel\\framework\\src\\Illuminate\\Foundation\\Http\\Middleware\\PreventRequestsDuringMaintenance.php(109): Illuminate\\Pipeline\\Pipeline->Illuminate\\Pipeline\\{closure}(Object(Illuminate\\Http\\Request))
#40 C:\\Users\\USER\\Downloads\\web-positron-main\\web-positron-main\\vendor\\laravel\\framework\\src\\Illuminate\\Pipeline\\Pipeline.php(208): Illuminate\\Foundation\\Http\\Middleware\\PreventRequestsDuringMaintenance->handle(Object(Illuminate\\Http\\Request), Object(Closure))
#41 C:\\Users\\USER\\Downloads\\web-positron-main\\web-positron-main\\vendor\\laravel\\framework\\src\\Illuminate\\Http\\Middleware\\HandleCors.php(48): Illuminate\\Pipeline\\Pipeline->Illuminate\\Pipeline\\{closure}(Object(Illuminate\\Http\\Request))
#42 C:\\Users\\USER\\Downloads\\web-positron-main\\web-positron-main\\vendor\\laravel\\framework\\src\\Illuminate\\Pipeline\\Pipeline.php(208): Illuminate\\Http\\Middleware\\HandleCors->handle(Object(Illuminate\\Http\\Request), Object(Closure))
#43 C:\\Users\\USER\\Downloads\\web-positron-main\\web-positron-main\\vendor\\laravel\\framework\\src\\Illuminate\\Http\\Middleware\\TrustProxies.php(58): Illuminate\\Pipeline\\Pipeline->Illuminate\\Pipeline\\{closure}(Object(Illuminate\\Http\\Request))
#44 C:\\Users\\USER\\Downloads\\web-positron-main\\web-positron-main\\vendor\\laravel\\framework\\src\\Illuminate\\Pipeline\\Pipeline.php(208): Illuminate\\Http\\Middleware\\TrustProxies->handle(Object(Illuminate\\Http\\Request), Object(Closure))
#45 C:\\Users\\USER\\Downloads\\web-positron-main\\web-positron-main\\vendor\\laravel\\framework\\src\\Illuminate\\Foundation\\Http\\Middleware\\InvokeDeferredCallbacks.php(22): Illuminate\\Pipeline\\Pipeline->Illuminate\\Pipeline\\{closure}(Object(Illuminate\\Http\\Request))
#46 C:\\Users\\USER\\Downloads\\web-positron-main\\web-positron-main\\vendor\\laravel\\framework\\src\\Illuminate\\Pipeline\\Pipeline.php(208): Illuminate\\Foundation\\Http\\Middleware\\InvokeDeferredCallbacks->handle(Object(Illuminate\\Http\\Request), Object(Closure))
#47 C:\\Users\\USER\\Downloads\\web-positron-main\\web-positron-main\\vendor\\laravel\\framework\\src\\Illuminate\\Http\\Middleware\\ValidatePathEncoding.php(26): Illuminate\\Pipeline\\Pipeline->Illuminate\\Pipeline\\{closure}(Object(Illuminate\\Http\\Request))
#48 C:\\Users\\USER\\Downloads\\web-positron-main\\web-positron-main\\vendor\\laravel\\framework\\src\\Illuminate\\Pipeline\\Pipeline.php(208): Illuminate\\Http\\Middleware\\ValidatePathEncoding->handle(Object(Illuminate\\Http\\Request), Object(Closure))
#49 C:\\Users\\USER\\Downloads\\web-positron-main\\web-positron-main\\vendor\\laravel\\framework\\src\\Illuminate\\Pipeline\\Pipeline.php(126): Illuminate\\Pipeline\\Pipeline->Illuminate\\Pipeline\\{closure}(Object(Illuminate\\Http\\Request))
#50 C:\\Users\\USER\\Downloads\\web-positron-main\\web-positron-main\\vendor\\laravel\\framework\\src\\Illuminate\\Foundation\\Http\\Kernel.php(175): Illuminate\\Pipeline\\Pipeline->then(Object(Closure))
#51 C:\\Users\\USER\\Downloads\\web-positron-main\\web-positron-main\\vendor\\laravel\\framework\\src\\Illuminate\\Foundation\\Http\\Kernel.php(144): Illuminate\\Foundation\\Http\\Kernel->sendRequestThroughRouter(Object(Illuminate\\Http\\Request))
#52 C:\\Users\\USER\\Downloads\\web-positron-main\\web-positron-main\\vendor\\laravel\\framework\\src\\Illuminate\\Foundation\\Application.php(1219): Illuminate\\Foundation\\Http\\Kernel->handle(Object(Illuminate\\Http\\Request))
#53 C:\\Users\\USER\\Downloads\\web-positron-main\\web-positron-main\\public\\index.php(20): Illuminate\\Foundation\\Application->handleRequest(Object(Illuminate\\Http\\Request))
#54 C:\\Users\\USER\\Downloads\\web-positron-main\\web-positron-main\\vendor\\laravel\\framework\\src\\Illuminate\\Foundation\\resources\\server.php(23): require_once('C:\\\\Users\\\\USER\\\\D...')
#55 {main}

[previous exception] [object] (PDOException(code: 2002): SQLSTATE[HY000] [2002] No connection could be made because the target machine actively refused it at C:\\Users\\USER\\Downloads\\web-positron-main\\web-positron-main\\vendor\\laravel\\framework\\src\\Illuminate\\Database\\Connectors\\Connector.php:66)
[stacktrace]
#0 C:\\Users\\USER\\Downloads\\web-positron-main\\web-positron-main\\vendor\\laravel\\framework\\src\\Illuminate\\Database\\Connectors\\Connector.php(66): PDO->__construct('mysql:host=127....', 'root', Object(SensitiveParameterValue), Array)
#1 C:\\Users\\USER\\Downloads\\web-positron-main\\web-positron-main\\vendor\\laravel\\framework\\src\\Illuminate\\Database\\Connectors\\Connector.php(85): Illuminate\\Database\\Connectors\\Connector->createPdoConnection('mysql:host=127....', 'root', Object(SensitiveParameterValue), Array)
#2 C:\\Users\\USER\\Downloads\\web-positron-main\\web-positron-main\\vendor\\laravel\\framework\\src\\Illuminate\\Database\\Connectors\\Connector.php(48): Illuminate\\Database\\Connectors\\Connector->tryAgainIfCausedByLostConnection(Object(PDOException), 'mysql:host=127....', 'root', Object(SensitiveParameterValue), Array)
#3 C:\\Users\\USER\\Downloads\\web-positron-main\\web-positron-main\\vendor\\laravel\\framework\\src\\Illuminate\\Database\\Connectors\\MySqlConnector.php(24): Illuminate\\Database\\Connectors\\Connector->createConnection('mysql:host=127....', Array, Array)
#4 C:\\Users\\USER\\Downloads\\web-positron-main\\web-positron-main\\vendor\\laravel\\framework\\src\\Illuminate\\Database\\Connectors\\ConnectionFactory.php(184): Illuminate\\Database\\Connectors\\MySqlConnector->connect(Array)
#5 [internal function]: Illuminate\\Database\\Connectors\\ConnectionFactory->Illuminate\\Database\\Connectors\\{closure}()
#6 C:\\Users\\USER\\Downloads\\web-positron-main\\web-positron-main\\vendor\\laravel\\framework\\src\\Illuminate\\Database\\Connection.php(1228): call_user_func(Object(Closure))
#7 C:\\Users\\USER\\Downloads\\web-positron-main\\web-positron-main\\vendor\\laravel\\framework\\src\\Illuminate\\Database\\Connection.php(509): Illuminate\\Database\\Connection->getPdo()
#8 C:\\Users\\USER\\Downloads\\web-positron-main\\web-positron-main\\vendor\\laravel\\framework\\src\\Illuminate\\Database\\Connection.php(404): Illuminate\\Database\\Connection->getPdoForSelect(false)
#9 C:\\Users\\USER\\Downloads\\web-positron-main\\web-positron-main\\vendor\\laravel\\framework\\src\\Illuminate\\Database\\Connection.php(809): Illuminate\\Database\\Connection->Illuminate\\Database\\{closure}('select * from `...', Array)
#10 C:\\Users\\USER\\Downloads\\web-positron-main\\web-positron-main\\vendor\\laravel\\framework\\src\\Illuminate\\Database\\Connection.php(976): Illuminate\\Database\\Connection->runQueryCallback('select * from `...', Array, Object(Closure))
#11 C:\\Users\\USER\\Downloads\\web-positron-main\\web-positron-main\\vendor\\laravel\\framework\\src\\Illuminate\\Database\\Connection.php(955): Illuminate\\Database\\Connection->tryAgainIfCausedByLostConnection(Object(Illuminate\\Database\\QueryException), 'select * from `...', Array, Object(Closure))
#12 C:\\Users\\USER\\Downloads\\web-positron-main\\web-positron-main\\vendor\\laravel\\framework\\src\\Illuminate\\Database\\Connection.php(778): Illuminate\\Database\\Connection->handleQueryException(Object(Illuminate\\Database\\QueryException), 'select * from `...', Array, Object(Closure))
#13 C:\\Users\\USER\\Downloads\\web-positron-main\\web-positron-main\\vendor\\laravel\\framework\\src\\Illuminate\\Database\\Connection.php(395): Illuminate\\Database\\Connection->run('select * from `...', Array, Object(Closure))
#14 C:\\Users\\USER\\Downloads\\web-positron-main\\web-positron-main\\vendor\\laravel\\framework\\src\\Illuminate\\Database\\Query\\Builder.php(3131): Illuminate\\Database\\Connection->select('select * from `...', Array, false)
#15 C:\\Users\\USER\\Downloads\\web-positron-main\\web-positron-main\\vendor\\laravel\\framework\\src\\Illuminate\\Database\\Query\\Builder.php(3116): Illuminate\\Database\\Query\\Builder->runSelect()
#16 C:\\Users\\USER\\Downloads\\web-positron-main\\web-positron-main\\vendor\\laravel\\framework\\src\\Illuminate\\Database\\Query\\Builder.php(3706): Illuminate\\Database\\Query\\Builder->Illuminate\\Database\\Query\\{closure}()
#17 C:\\Users\\USER\\Downloads\\web-positron-main\\web-positron-main\\vendor\\laravel\\framework\\src\\Illuminate\\Database\\Query\\Builder.php(3115): Illuminate\\Database\\Query\\Builder->onceWithColumns(Array, Object(Closure))
#18 C:\\Users\\USER\\Downloads\\web-positron-main\\web-positron-main\\vendor\\laravel\\framework\\src\\Illuminate\\Database\\Concerns\\BuildsQueries.php(366): Illuminate\\Database\\Query\\Builder->get(Array)
#19 C:\\Users\\USER\\Downloads\\web-positron-main\\web-positron-main\\vendor\\laravel\\framework\\src\\Illuminate\\Database\\Query\\Builder.php(3038): Illuminate\\Database\\Query\\Builder->first(Array)
#20 C:\\Users\\USER\\Downloads\\web-positron-main\\web-positron-main\\vendor\\laravel\\framework\\src\\Illuminate\\Session\\DatabaseSessionHandler.php(96): Illuminate\\Database\\Query\\Builder->find('1I183VthQTy3XqG...')
#21 C:\\Users\\USER\\Downloads\\web-positron-main\\web-positron-main\\vendor\\laravel\\framework\\src\\Illuminate\\Session\\Store.php(116): Illuminate\\Session\\DatabaseSessionHandler->read('1I183VthQTy3XqG...')
#22 C:\\Users\\USER\\Downloads\\web-positron-main\\web-positron-main\\vendor\\laravel\\framework\\src\\Illuminate\\Session\\Store.php(104): Illuminate\\Session\\Store->readFromHandler()
#23 C:\\Users\\USER\\Downloads\\web-positron-main\\web-positron-main\\vendor\\laravel\\framework\\src\\Illuminate\\Session\\Store.php(88): Illuminate\\Session\\Store->loadSession()
#24 C:\\Users\\USER\\Downloads\\web-positron-main\\web-positron-main\\vendor\\laravel\\framework\\src\\Illuminate\\Session\\Middleware\\StartSession.php(146): Illuminate\\Session\\Store->start()
#25 C:\\Users\\USER\\Downloads\\web-positron-main\\web-positron-main\\vendor\\laravel\\framework\\src\\Illuminate\\Support\\helpers.php(399): Illuminate\\Session\\Middleware\\StartSession->Illuminate\\Session\\Middleware\\{closure}(Object(Illuminate\\Session\\Store))
#26 C:\\Users\\USER\\Downloads\\web-positron-main\\web-positron-main\\vendor\\laravel\\framework\\src\\Illuminate\\Session\\Middleware\\StartSession.php(143): tap(Object(Illuminate\\Session\\Store), Object(Closure))
#27 C:\\Users\\USER\\Downloads\\web-positron-main\\web-positron-main\\vendor\\laravel\\framework\\src\\Illuminate\\Session\\Middleware\\StartSession.php(115): Illuminate\\Session\\Middleware\\StartSession->startSession(Object(Illuminate\\Http\\Request), Object(Illuminate\\Session\\Store))
#28 C:\\Users\\USER\\Downloads\\web-positron-main\\web-positron-main\\vendor\\laravel\\framework\\src\\Illuminate\\Session\\Middleware\\StartSession.php(63): Illuminate\\Session\\Middleware\\StartSession->handleStatefulRequest(Object(Illuminate\\Http\\Request), Object(Illuminate\\Session\\Store), Object(Closure))
#29 C:\\Users\\USER\\Downloads\\web-positron-main\\web-positron-main\\vendor\\laravel\\framework\\src\\Illuminate\\Pipeline\\Pipeline.php(208): Illuminate\\Session\\Middleware\\StartSession->handle(Object(Illuminate\\Http\\Request), Object(Closure))
#30 C:\\Users\\USER\\Downloads\\web-positron-main\\web-positron-main\\vendor\\laravel\\framework\\src\\Illuminate\\Cookie\\Middleware\\AddQueuedCookiesToResponse.php(36): Illuminate\\Pipeline\\Pipeline->Illuminate\\Pipeline\\{closure}(Object(Illuminate\\Http\\Request))
#31 C:\\Users\\USER\\Downloads\\web-positron-main\\web-positron-main\\vendor\\laravel\\framework\\src\\Illuminate\\Pipeline\\Pipeline.php(208): Illuminate\\Cookie\\Middleware\\AddQueuedCookiesToResponse->handle(Object(Illuminate\\Http\\Request), Object(Closure))
#32 C:\\Users\\USER\\Downloads\\web-positron-main\\web-positron-main\\vendor\\laravel\\framework\\src\\Illuminate\\Cookie\\Middleware\\EncryptCookies.php(74): Illuminate\\Pipeline\\Pipeline->Illuminate\\Pipeline\\{closure}(Object(Illuminate\\Http\\Request))
#33 C:\\Users\\USER\\Downloads\\web-positron-main\\web-positron-main\\vendor\\laravel\\framework\\src\\Illuminate\\Pipeline\\Pipeline.php(208): Illuminate\\Cookie\\Middleware\\EncryptCookies->handle(Object(Illuminate\\Http\\Request), Object(Closure))
#34 C:\\Users\\USER\\Downloads\\web-positron-main\\web-positron-main\\vendor\\laravel\\framework\\src\\Illuminate\\Pipeline\\Pipeline.php(126): Illuminate\\Pipeline\\Pipeline->Illuminate\\Pipeline\\{closure}(Object(Illuminate\\Http\\Request))
#35 C:\\Users\\USER\\Downloads\\web-positron-main\\web-positron-main\\vendor\\laravel\\framework\\src\\Illuminate\\Routing\\Router.php(807): Illuminate\\Pipeline\\Pipeline->then(Object(Closure))
#36 C:\\Users\\USER\\Downloads\\web-positron-main\\web-positron-main\\vendor\\laravel\\framework\\src\\Illuminate\\Routing\\Router.php(786): Illuminate\\Routing\\Router->runRouteWithinStack(Object(Illuminate\\Routing\\Route), Object(Illuminate\\Http\\Request))
#37 C:\\Users\\USER\\Downloads\\web-positron-main\\web-positron-main\\vendor\\laravel\\framework\\src\\Illuminate\\Routing\\Router.php(750): Illuminate\\Routing\\Router->runRoute(Object(Illuminate\\Http\\Request), Object(Illuminate\\Routing\\Route))
#38 C:\\Users\\USER\\Downloads\\web-positron-main\\web-positron-main\\vendor\\laravel\\framework\\src\\Illuminate\\Routing\\Router.php(739): Illuminate\\Routing\\Router->dispatchToRoute(Object(Illuminate\\Http\\Request))
#39 C:\\Users\\USER\\Downloads\\web-positron-main\\web-positron-main\\vendor\\laravel\\framework\\src\\Illuminate\\Foundation\\Http\\Kernel.php(200): Illuminate\\Routing\\Router->dispatch(Object(Illuminate\\Http\\Request))
#40 C:\\Users\\USER\\Downloads\\web-positron-main\\web-positron-main\\vendor\\laravel\\framework\\src\\Illuminate\\Pipeline\\Pipeline.php(169): Illuminate\\Foundation\\Http\\Kernel->Illuminate\\Foundation\\Http\\{closure}(Object(Illuminate\\Http\\Request))
#41 C:\\Users\\USER\\Downloads\\web-positron-main\\web-positron-main\\vendor\\laravel\\framework\\src\\Illuminate\\Foundation\\Http\\Middleware\\TransformsRequest.php(21): Illuminate\\Pipeline\\Pipeline->Illuminate\\Pipeline\\{closure}(Object(Illuminate\\Http\\Request))
#42 C:\\Users\\USER\\Downloads\\web-positron-main\\web-positron-main\\vendor\\laravel\\framework\\src\\Illuminate\\Foundation\\Http\\Middleware\\ConvertEmptyStringsToNull.php(31): Illuminate\\Foundation\\Http\\Middleware\\TransformsRequest->handle(Object(Illuminate\\Http\\Request), Object(Closure))
#43 C:\\Users\\USER\\Downloads\\web-positron-main\\web-positron-main\\vendor\\laravel\\framework\\src\\Illuminate\\Pipeline\\Pipeline.php(208): Illuminate\\Foundation\\Http\\Middleware\\ConvertEmptyStringsToNull->handle(Object(Illuminate\\Http\\Request), Object(Closure))
#44 C:\\Users\\USER\\Downloads\\web-positron-main\\web-positron-main\\vendor\\laravel\\framework\\src\\Illuminate\\Foundation\\Http\\Middleware\\TransformsRequest.php(21): Illuminate\\Pipeline\\Pipeline->Illuminate\\Pipeline\\{closure}(Object(Illuminate\\Http\\Request))
#45 C:\\Users\\USER\\Downloads\\web-positron-main\\web-positron-main\\vendor\\laravel\\framework\\src\\Illuminate\\Foundation\\Http\\Middleware\\TrimStrings.php(51): Illuminate\\Foundation\\Http\\Middleware\\TransformsRequest->handle(Object(Illuminate\\Http\\Request), Object(Closure))
#46 C:\\Users\\USER\\Downloads\\web-positron-main\\web-positron-main\\vendor\\laravel\\framework\\src\\Illuminate\\Pipeline\\Pipeline.php(208): Illuminate\\Foundation\\Http\\Middleware\\TrimStrings->handle(Object(Illuminate\\Http\\Request), Object(Closure))
#47 C:\\Users\\USER\\Downloads\\web-positron-main\\web-positron-main\\vendor\\laravel\\framework\\src\\Illuminate\\Http\\Middleware\\ValidatePostSize.php(27): Illuminate\\Pipeline\\Pipeline->Illuminate\\Pipeline\\{closure}(Object(Illuminate\\Http\\Request))
#48 C:\\Users\\USER\\Downloads\\web-positron-main\\web-positron-main\\vendor\\laravel\\framework\\src\\Illuminate\\Pipeline\\Pipeline.php(208): Illuminate\\Http\\Middleware\\ValidatePostSize->handle(Object(Illuminate\\Http\\Request), Object(Closure))
#49 C:\\Users\\USER\\Downloads\\web-positron-main\\web-positron-main\\vendor\\laravel\\framework\\src\\Illuminate\\Foundation\\Http\\Middleware\\PreventRequestsDuringMaintenance.php(109): Illuminate\\Pipeline\\Pipeline->Illuminate\\Pipeline\\{closure}(Object(Illuminate\\Http\\Request))
#50 C:\\Users\\USER\\Downloads\\web-positron-main\\web-positron-main\\vendor\\laravel\\framework\\src\\Illuminate\\Pipeline\\Pipeline.php(208): Illuminate\\Foundation\\Http\\Middleware\\PreventRequestsDuringMaintenance->handle(Object(Illuminate\\Http\\Request), Object(Closure))
#51 C:\\Users\\USER\\Downloads\\web-positron-main\\web-positron-main\\vendor\\laravel\\framework\\src\\Illuminate\\Http\\Middleware\\HandleCors.php(48): Illuminate\\Pipeline\\Pipeline->Illuminate\\Pipeline\\{closure}(Object(Illuminate\\Http\\Request))
#52 C:\\Users\\USER\\Downloads\\web-positron-main\\web-positron-main\\vendor\\laravel\\framework\\src\\Illuminate\\Pipeline\\Pipeline.php(208): Illuminate\\Http\\Middleware\\HandleCors->handle(Object(Illuminate\\Http\\Request), Object(Closure))
#53 C:\\Users\\USER\\Downloads\\web-positron-main\\web-positron-main\\vendor\\laravel\\framework\\src\\Illuminate\\Http\\Middleware\\TrustProxies.php(58): Illuminate\\Pipeline\\Pipeline->Illuminate\\Pipeline\\{closure}(Object(Illuminate\\Http\\Request))
#54 C:\\Users\\USER\\Downloads\\web-positron-main\\web-positron-main\\vendor\\laravel\\framework\\src\\Illuminate\\Pipeline\\Pipeline.php(208): Illuminate\\Http\\Middleware\\TrustProxies->handle(Object(Illuminate\\Http\\Request), Object(Closure))
#55 C:\\Users\\USER\\Downloads\\web-positron-main\\web-positron-main\\vendor\\laravel\\framework\\src\\Illuminate\\Foundation\\Http\\Middleware\\InvokeDeferredCallbacks.php(22): Illuminate\\Pipeline\\Pipeline->Illuminate\\Pipeline\\{closure}(Object(Illuminate\\Http\\Request))
#56 C:\\Users\\USER\\Downloads\\web-positron-main\\web-positron-main\\vendor\\laravel\\framework\\src\\Illuminate\\Pipeline\\Pipeline.php(208): Illuminate\\Foundation\\Http\\Middleware\\InvokeDeferredCallbacks->handle(Object(Illuminate\\Http\\Request), Object(Closure))
#57 C:\\Users\\USER\\Downloads\\web-positron-main\\web-positron-main\\vendor\\laravel\\framework\\src\\Illuminate\\Http\\Middleware\\ValidatePathEncoding.php(26): Illuminate\\Pipeline\\Pipeline->Illuminate\\Pipeline\\{closure}(Object(Illuminate\\Http\\Request))
#58 C:\\Users\\USER\\Downloads\\web-positron-main\\web-positron-main\\vendor\\laravel\\framework\\src\\Illuminate\\Pipeline\\Pipeline.php(208): Illuminate\\Http\\Middleware\\ValidatePathEncoding->handle(Object(Illuminate\\Http\\Request), Object(Closure))
#59 C:\\Users\\USER\\Downloads\\web-positron-main\\web-positron-main\\vendor\\laravel\\framework\\src\\Illuminate\\Pipeline\\Pipeline.php(126): Illuminate\\Pipeline\\Pipeline->Illuminate\\Pipeline\\{closure}(Object(Illuminate\\Http\\Request))
#60 C:\\Users\\USER\\Downloads\\web-positron-main\\web-positron-main\\vendor\\laravel\\framework\\src\\Illuminate\\Foundation\\Http\\Kernel.php(175): Illuminate\\Pipeline\\Pipeline->then(Object(Closure))
#61 C:\\Users\\USER\\Downloads\\web-positron-main\\web-positron-main\\vendor\\laravel\\framework\\src\\Illuminate\\Foundation\\Http\\Kernel.php(144): Illuminate\\Foundation\\Http\\Kernel->sendRequestThroughRouter(Object(Illuminate\\Http\\Request))
#62 C:\\Users\\USER\\Downloads\\web-positron-main\\web-positron-main\\vendor\\laravel\\framework\\src\\Illuminate\\Foundation\\Application.php(1219): Illuminate\\Foundation\\Http\\Kernel->handle(Object(Illuminate\\Http\\Request))
#63 C:\\Users\\USER\\Downloads\\web-positron-main\\web-positron-main\\public\\index.php(20): Illuminate\\Foundation\\Application->handleRequest(Object(Illuminate\\Http\\Request))
#64 C:\\Users\\USER\\Downloads\\web-positron-main\\web-positron-main\\vendor\\laravel\\framework\\src\\Illuminate\\Foundation\\resources\\server.php(23): require_once('C:\\\\Users\\\\USER\\\\D...')
#65 {main}
"} 
[2025-07-07 19:47:33] local.ERROR: SQLSTATE[42S02]: Base table or view not found: 1146 Table 'positron.mahasiswas' doesn't exist (Connection: mysql, SQL: select * from `mahasiswas` where `nama` like %Vijay%) {"exception":"[object] (Illuminate\\Database\\QueryException(code: 42S02): SQLSTATE[42S02]: Base table or view not found: 1146 Table 'positron.mahasiswas' doesn't exist (Connection: mysql, SQL: select * from `mahasiswas` where `nama` like %Vijay%) at C:\\Users\\USER\\Downloads\\web-positron-main\\web-positron-main\\vendor\\laravel\\framework\\src\\Illuminate\\Database\\Connection.php:822)
[stacktrace]
#0 C:\\Users\\USER\\Downloads\\web-positron-main\\web-positron-main\\vendor\\laravel\\framework\\src\\Illuminate\\Database\\Connection.php(776): Illuminate\\Database\\Connection->runQueryCallback('select * from `...', Array, Object(Closure))
#1 C:\\Users\\USER\\Downloads\\web-positron-main\\web-positron-main\\vendor\\laravel\\framework\\src\\Illuminate\\Database\\Connection.php(395): Illuminate\\Database\\Connection->run('select * from `...', Array, Object(Closure))
#2 C:\\Users\\USER\\Downloads\\web-positron-main\\web-positron-main\\vendor\\laravel\\framework\\src\\Illuminate\\Database\\Query\\Builder.php(3131): Illuminate\\Database\\Connection->select('select * from `...', Array, true)
#3 C:\\Users\\USER\\Downloads\\web-positron-main\\web-positron-main\\vendor\\laravel\\framework\\src\\Illuminate\\Database\\Query\\Builder.php(3116): Illuminate\\Database\\Query\\Builder->runSelect()
#4 C:\\Users\\USER\\Downloads\\web-positron-main\\web-positron-main\\vendor\\laravel\\framework\\src\\Illuminate\\Database\\Query\\Builder.php(3706): Illuminate\\Database\\Query\\Builder->Illuminate\\Database\\Query\\{closure}()
#5 C:\\Users\\USER\\Downloads\\web-positron-main\\web-positron-main\\vendor\\laravel\\framework\\src\\Illuminate\\Database\\Query\\Builder.php(3115): Illuminate\\Database\\Query\\Builder->onceWithColumns(Array, Object(Closure))
#6 C:\\Users\\USER\\Downloads\\web-positron-main\\web-positron-main\\vendor\\laravel\\framework\\src\\Illuminate\\Database\\Eloquent\\Builder.php(872): Illuminate\\Database\\Query\\Builder->get(Array)
#7 C:\\Users\\USER\\Downloads\\web-positron-main\\web-positron-main\\vendor\\laravel\\framework\\src\\Illuminate\\Database\\Eloquent\\Builder.php(854): Illuminate\\Database\\Eloquent\\Builder->getModels(Array)
#8 C:\\Users\\USER\\Downloads\\web-positron-main\\web-positron-main\\app\\Http\\Controllers\\GroupController.php(28): Illuminate\\Database\\Eloquent\\Builder->get()
#9 C:\\Users\\USER\\Downloads\\web-positron-main\\web-positron-main\\vendor\\laravel\\framework\\src\\Illuminate\\Routing\\ControllerDispatcher.php(46): App\\Http\\Controllers\\GroupController->search(Object(Illuminate\\Http\\Request))
#10 C:\\Users\\USER\\Downloads\\web-positron-main\\web-positron-main\\vendor\\laravel\\framework\\src\\Illuminate\\Routing\\Route.php(265): Illuminate\\Routing\\ControllerDispatcher->dispatch(Object(Illuminate\\Routing\\Route), Object(App\\Http\\Controllers\\GroupController), 'search')
#11 C:\\Users\\USER\\Downloads\\web-positron-main\\web-positron-main\\vendor\\laravel\\framework\\src\\Illuminate\\Routing\\Route.php(211): Illuminate\\Routing\\Route->runController()
#12 C:\\Users\\USER\\Downloads\\web-positron-main\\web-positron-main\\vendor\\laravel\\framework\\src\\Illuminate\\Routing\\Router.php(808): Illuminate\\Routing\\Route->run()
#13 C:\\Users\\USER\\Downloads\\web-positron-main\\web-positron-main\\vendor\\laravel\\framework\\src\\Illuminate\\Pipeline\\Pipeline.php(169): Illuminate\\Routing\\Router->Illuminate\\Routing\\{closure}(Object(Illuminate\\Http\\Request))
#14 C:\\Users\\USER\\Downloads\\web-positron-main\\web-positron-main\\vendor\\laravel\\framework\\src\\Illuminate\\Routing\\Middleware\\SubstituteBindings.php(50): Illuminate\\Pipeline\\Pipeline->Illuminate\\Pipeline\\{closure}(Object(Illuminate\\Http\\Request))
#15 C:\\Users\\USER\\Downloads\\web-positron-main\\web-positron-main\\vendor\\laravel\\framework\\src\\Illuminate\\Pipeline\\Pipeline.php(208): Illuminate\\Routing\\Middleware\\SubstituteBindings->handle(Object(Illuminate\\Http\\Request), Object(Closure))
#16 C:\\Users\\USER\\Downloads\\web-positron-main\\web-positron-main\\vendor\\laravel\\framework\\src\\Illuminate\\Foundation\\Http\\Middleware\\VerifyCsrfToken.php(87): Illuminate\\Pipeline\\Pipeline->Illuminate\\Pipeline\\{closure}(Object(Illuminate\\Http\\Request))
#17 C:\\Users\\USER\\Downloads\\web-positron-main\\web-positron-main\\vendor\\laravel\\framework\\src\\Illuminate\\Pipeline\\Pipeline.php(208): Illuminate\\Foundation\\Http\\Middleware\\VerifyCsrfToken->handle(Object(Illuminate\\Http\\Request), Object(Closure))
#18 C:\\Users\\USER\\Downloads\\web-positron-main\\web-positron-main\\vendor\\laravel\\framework\\src\\Illuminate\\View\\Middleware\\ShareErrorsFromSession.php(48): Illuminate\\Pipeline\\Pipeline->Illuminate\\Pipeline\\{closure}(Object(Illuminate\\Http\\Request))
#19 C:\\Users\\USER\\Downloads\\web-positron-main\\web-positron-main\\vendor\\laravel\\framework\\src\\Illuminate\\Pipeline\\Pipeline.php(208): Illuminate\\View\\Middleware\\ShareErrorsFromSession->handle(Object(Illuminate\\Http\\Request), Object(Closure))
#20 C:\\Users\\USER\\Downloads\\web-positron-main\\web-positron-main\\vendor\\laravel\\framework\\src\\Illuminate\\Session\\Middleware\\StartSession.php(120): Illuminate\\Pipeline\\Pipeline->Illuminate\\Pipeline\\{closure}(Object(Illuminate\\Http\\Request))
#21 C:\\Users\\USER\\Downloads\\web-positron-main\\web-positron-main\\vendor\\laravel\\framework\\src\\Illuminate\\Session\\Middleware\\StartSession.php(63): Illuminate\\Session\\Middleware\\StartSession->handleStatefulRequest(Object(Illuminate\\Http\\Request), Object(Illuminate\\Session\\Store), Object(Closure))
#22 C:\\Users\\USER\\Downloads\\web-positron-main\\web-positron-main\\vendor\\laravel\\framework\\src\\Illuminate\\Pipeline\\Pipeline.php(208): Illuminate\\Session\\Middleware\\StartSession->handle(Object(Illuminate\\Http\\Request), Object(Closure))
#23 C:\\Users\\USER\\Downloads\\web-positron-main\\web-positron-main\\vendor\\laravel\\framework\\src\\Illuminate\\Cookie\\Middleware\\AddQueuedCookiesToResponse.php(36): Illuminate\\Pipeline\\Pipeline->Illuminate\\Pipeline\\{closure}(Object(Illuminate\\Http\\Request))
#24 C:\\Users\\USER\\Downloads\\web-positron-main\\web-positron-main\\vendor\\laravel\\framework\\src\\Illuminate\\Pipeline\\Pipeline.php(208): Illuminate\\Cookie\\Middleware\\AddQueuedCookiesToResponse->handle(Object(Illuminate\\Http\\Request), Object(Closure))
#25 C:\\Users\\USER\\Downloads\\web-positron-main\\web-positron-main\\vendor\\laravel\\framework\\src\\Illuminate\\Cookie\\Middleware\\EncryptCookies.php(74): Illuminate\\Pipeline\\Pipeline->Illuminate\\Pipeline\\{closure}(Object(Illuminate\\Http\\Request))
#26 C:\\Users\\USER\\Downloads\\web-positron-main\\web-positron-main\\vendor\\laravel\\framework\\src\\Illuminate\\Pipeline\\Pipeline.php(208): Illuminate\\Cookie\\Middleware\\EncryptCookies->handle(Object(Illuminate\\Http\\Request), Object(Closure))
#27 C:\\Users\\USER\\Downloads\\web-positron-main\\web-positron-main\\vendor\\laravel\\framework\\src\\Illuminate\\Pipeline\\Pipeline.php(126): Illuminate\\Pipeline\\Pipeline->Illuminate\\Pipeline\\{closure}(Object(Illuminate\\Http\\Request))
#28 C:\\Users\\USER\\Downloads\\web-positron-main\\web-positron-main\\vendor\\laravel\\framework\\src\\Illuminate\\Routing\\Router.php(807): Illuminate\\Pipeline\\Pipeline->then(Object(Closure))
#29 C:\\Users\\USER\\Downloads\\web-positron-main\\web-positron-main\\vendor\\laravel\\framework\\src\\Illuminate\\Routing\\Router.php(786): Illuminate\\Routing\\Router->runRouteWithinStack(Object(Illuminate\\Routing\\Route), Object(Illuminate\\Http\\Request))
#30 C:\\Users\\USER\\Downloads\\web-positron-main\\web-positron-main\\vendor\\laravel\\framework\\src\\Illuminate\\Routing\\Router.php(750): Illuminate\\Routing\\Router->runRoute(Object(Illuminate\\Http\\Request), Object(Illuminate\\Routing\\Route))
#31 C:\\Users\\USER\\Downloads\\web-positron-main\\web-positron-main\\vendor\\laravel\\framework\\src\\Illuminate\\Routing\\Router.php(739): Illuminate\\Routing\\Router->dispatchToRoute(Object(Illuminate\\Http\\Request))
#32 C:\\Users\\USER\\Downloads\\web-positron-main\\web-positron-main\\vendor\\laravel\\framework\\src\\Illuminate\\Foundation\\Http\\Kernel.php(200): Illuminate\\Routing\\Router->dispatch(Object(Illuminate\\Http\\Request))
#33 C:\\Users\\USER\\Downloads\\web-positron-main\\web-positron-main\\vendor\\laravel\\framework\\src\\Illuminate\\Pipeline\\Pipeline.php(169): Illuminate\\Foundation\\Http\\Kernel->Illuminate\\Foundation\\Http\\{closure}(Object(Illuminate\\Http\\Request))
#34 C:\\Users\\USER\\Downloads\\web-positron-main\\web-positron-main\\vendor\\laravel\\framework\\src\\Illuminate\\Foundation\\Http\\Middleware\\TransformsRequest.php(21): Illuminate\\Pipeline\\Pipeline->Illuminate\\Pipeline\\{closure}(Object(Illuminate\\Http\\Request))
#35 C:\\Users\\USER\\Downloads\\web-positron-main\\web-positron-main\\vendor\\laravel\\framework\\src\\Illuminate\\Foundation\\Http\\Middleware\\ConvertEmptyStringsToNull.php(31): Illuminate\\Foundation\\Http\\Middleware\\TransformsRequest->handle(Object(Illuminate\\Http\\Request), Object(Closure))
#36 C:\\Users\\USER\\Downloads\\web-positron-main\\web-positron-main\\vendor\\laravel\\framework\\src\\Illuminate\\Pipeline\\Pipeline.php(208): Illuminate\\Foundation\\Http\\Middleware\\ConvertEmptyStringsToNull->handle(Object(Illuminate\\Http\\Request), Object(Closure))
#37 C:\\Users\\USER\\Downloads\\web-positron-main\\web-positron-main\\vendor\\laravel\\framework\\src\\Illuminate\\Foundation\\Http\\Middleware\\TransformsRequest.php(21): Illuminate\\Pipeline\\Pipeline->Illuminate\\Pipeline\\{closure}(Object(Illuminate\\Http\\Request))
#38 C:\\Users\\USER\\Downloads\\web-positron-main\\web-positron-main\\vendor\\laravel\\framework\\src\\Illuminate\\Foundation\\Http\\Middleware\\TrimStrings.php(51): Illuminate\\Foundation\\Http\\Middleware\\TransformsRequest->handle(Object(Illuminate\\Http\\Request), Object(Closure))
#39 C:\\Users\\USER\\Downloads\\web-positron-main\\web-positron-main\\vendor\\laravel\\framework\\src\\Illuminate\\Pipeline\\Pipeline.php(208): Illuminate\\Foundation\\Http\\Middleware\\TrimStrings->handle(Object(Illuminate\\Http\\Request), Object(Closure))
#40 C:\\Users\\USER\\Downloads\\web-positron-main\\web-positron-main\\vendor\\laravel\\framework\\src\\Illuminate\\Http\\Middleware\\ValidatePostSize.php(27): Illuminate\\Pipeline\\Pipeline->Illuminate\\Pipeline\\{closure}(Object(Illuminate\\Http\\Request))
#41 C:\\Users\\USER\\Downloads\\web-positron-main\\web-positron-main\\vendor\\laravel\\framework\\src\\Illuminate\\Pipeline\\Pipeline.php(208): Illuminate\\Http\\Middleware\\ValidatePostSize->handle(Object(Illuminate\\Http\\Request), Object(Closure))
#42 C:\\Users\\USER\\Downloads\\web-positron-main\\web-positron-main\\vendor\\laravel\\framework\\src\\Illuminate\\Foundation\\Http\\Middleware\\PreventRequestsDuringMaintenance.php(109): Illuminate\\Pipeline\\Pipeline->Illuminate\\Pipeline\\{closure}(Object(Illuminate\\Http\\Request))
#43 C:\\Users\\USER\\Downloads\\web-positron-main\\web-positron-main\\vendor\\laravel\\framework\\src\\Illuminate\\Pipeline\\Pipeline.php(208): Illuminate\\Foundation\\Http\\Middleware\\PreventRequestsDuringMaintenance->handle(Object(Illuminate\\Http\\Request), Object(Closure))
#44 C:\\Users\\USER\\Downloads\\web-positron-main\\web-positron-main\\vendor\\laravel\\framework\\src\\Illuminate\\Http\\Middleware\\HandleCors.php(48): Illuminate\\Pipeline\\Pipeline->Illuminate\\Pipeline\\{closure}(Object(Illuminate\\Http\\Request))
#45 C:\\Users\\USER\\Downloads\\web-positron-main\\web-positron-main\\vendor\\laravel\\framework\\src\\Illuminate\\Pipeline\\Pipeline.php(208): Illuminate\\Http\\Middleware\\HandleCors->handle(Object(Illuminate\\Http\\Request), Object(Closure))
#46 C:\\Users\\USER\\Downloads\\web-positron-main\\web-positron-main\\vendor\\laravel\\framework\\src\\Illuminate\\Http\\Middleware\\TrustProxies.php(58): Illuminate\\Pipeline\\Pipeline->Illuminate\\Pipeline\\{closure}(Object(Illuminate\\Http\\Request))
#47 C:\\Users\\USER\\Downloads\\web-positron-main\\web-positron-main\\vendor\\laravel\\framework\\src\\Illuminate\\Pipeline\\Pipeline.php(208): Illuminate\\Http\\Middleware\\TrustProxies->handle(Object(Illuminate\\Http\\Request), Object(Closure))
#48 C:\\Users\\USER\\Downloads\\web-positron-main\\web-positron-main\\vendor\\laravel\\framework\\src\\Illuminate\\Foundation\\Http\\Middleware\\InvokeDeferredCallbacks.php(22): Illuminate\\Pipeline\\Pipeline->Illuminate\\Pipeline\\{closure}(Object(Illuminate\\Http\\Request))
#49 C:\\Users\\USER\\Downloads\\web-positron-main\\web-positron-main\\vendor\\laravel\\framework\\src\\Illuminate\\Pipeline\\Pipeline.php(208): Illuminate\\Foundation\\Http\\Middleware\\InvokeDeferredCallbacks->handle(Object(Illuminate\\Http\\Request), Object(Closure))
#50 C:\\Users\\USER\\Downloads\\web-positron-main\\web-positron-main\\vendor\\laravel\\framework\\src\\Illuminate\\Http\\Middleware\\ValidatePathEncoding.php(26): Illuminate\\Pipeline\\Pipeline->Illuminate\\Pipeline\\{closure}(Object(Illuminate\\Http\\Request))
#51 C:\\Users\\USER\\Downloads\\web-positron-main\\web-positron-main\\vendor\\laravel\\framework\\src\\Illuminate\\Pipeline\\Pipeline.php(208): Illuminate\\Http\\Middleware\\ValidatePathEncoding->handle(Object(Illuminate\\Http\\Request), Object(Closure))
#52 C:\\Users\\USER\\Downloads\\web-positron-main\\web-positron-main\\vendor\\laravel\\framework\\src\\Illuminate\\Pipeline\\Pipeline.php(126): Illuminate\\Pipeline\\Pipeline->Illuminate\\Pipeline\\{closure}(Object(Illuminate\\Http\\Request))
#53 C:\\Users\\USER\\Downloads\\web-positron-main\\web-positron-main\\vendor\\laravel\\framework\\src\\Illuminate\\Foundation\\Http\\Kernel.php(175): Illuminate\\Pipeline\\Pipeline->then(Object(Closure))
#54 C:\\Users\\USER\\Downloads\\web-positron-main\\web-positron-main\\vendor\\laravel\\framework\\src\\Illuminate\\Foundation\\Http\\Kernel.php(144): Illuminate\\Foundation\\Http\\Kernel->sendRequestThroughRouter(Object(Illuminate\\Http\\Request))
#55 C:\\Users\\USER\\Downloads\\web-positron-main\\web-positron-main\\vendor\\laravel\\framework\\src\\Illuminate\\Foundation\\Application.php(1219): Illuminate\\Foundation\\Http\\Kernel->handle(Object(Illuminate\\Http\\Request))
#56 C:\\Users\\USER\\Downloads\\web-positron-main\\web-positron-main\\public\\index.php(20): Illuminate\\Foundation\\Application->handleRequest(Object(Illuminate\\Http\\Request))
#57 C:\\Users\\USER\\Downloads\\web-positron-main\\web-positron-main\\vendor\\laravel\\framework\\src\\Illuminate\\Foundation\\resources\\server.php(23): require_once('C:\\\\Users\\\\USER\\\\D...')
#58 {main}

[previous exception] [object] (PDOException(code: 42S02): SQLSTATE[42S02]: Base table or view not found: 1146 Table 'positron.mahasiswas' doesn't exist at C:\\Users\\USER\\Downloads\\web-positron-main\\web-positron-main\\vendor\\laravel\\framework\\src\\Illuminate\\Database\\Connection.php:404)
[stacktrace]
#0 C:\\Users\\USER\\Downloads\\web-positron-main\\web-positron-main\\vendor\\laravel\\framework\\src\\Illuminate\\Database\\Connection.php(404): PDO->prepare('select * from `...')
#1 C:\\Users\\USER\\Downloads\\web-positron-main\\web-positron-main\\vendor\\laravel\\framework\\src\\Illuminate\\Database\\Connection.php(809): Illuminate\\Database\\Connection->Illuminate\\Database\\{closure}('select * from `...', Array)
#2 C:\\Users\\USER\\Downloads\\web-positron-main\\web-positron-main\\vendor\\laravel\\framework\\src\\Illuminate\\Database\\Connection.php(776): Illuminate\\Database\\Connection->runQueryCallback('select * from `...', Array, Object(Closure))
#3 C:\\Users\\USER\\Downloads\\web-positron-main\\web-positron-main\\vendor\\laravel\\framework\\src\\Illuminate\\Database\\Connection.php(395): Illuminate\\Database\\Connection->run('select * from `...', Array, Object(Closure))
#4 C:\\Users\\USER\\Downloads\\web-positron-main\\web-positron-main\\vendor\\laravel\\framework\\src\\Illuminate\\Database\\Query\\Builder.php(3131): Illuminate\\Database\\Connection->select('select * from `...', Array, true)
#5 C:\\Users\\USER\\Downloads\\web-positron-main\\web-positron-main\\vendor\\laravel\\framework\\src\\Illuminate\\Database\\Query\\Builder.php(3116): Illuminate\\Database\\Query\\Builder->runSelect()
#6 C:\\Users\\USER\\Downloads\\web-positron-main\\web-positron-main\\vendor\\laravel\\framework\\src\\Illuminate\\Database\\Query\\Builder.php(3706): Illuminate\\Database\\Query\\Builder->Illuminate\\Database\\Query\\{closure}()
#7 C:\\Users\\USER\\Downloads\\web-positron-main\\web-positron-main\\vendor\\laravel\\framework\\src\\Illuminate\\Database\\Query\\Builder.php(3115): Illuminate\\Database\\Query\\Builder->onceWithColumns(Array, Object(Closure))
#8 C:\\Users\\USER\\Downloads\\web-positron-main\\web-positron-main\\vendor\\laravel\\framework\\src\\Illuminate\\Database\\Eloquent\\Builder.php(872): Illuminate\\Database\\Query\\Builder->get(Array)
#9 C:\\Users\\USER\\Downloads\\web-positron-main\\web-positron-main\\vendor\\laravel\\framework\\src\\Illuminate\\Database\\Eloquent\\Builder.php(854): Illuminate\\Database\\Eloquent\\Builder->getModels(Array)
#10 C:\\Users\\USER\\Downloads\\web-positron-main\\web-positron-main\\app\\Http\\Controllers\\GroupController.php(28): Illuminate\\Database\\Eloquent\\Builder->get()
#11 C:\\Users\\USER\\Downloads\\web-positron-main\\web-positron-main\\vendor\\laravel\\framework\\src\\Illuminate\\Routing\\ControllerDispatcher.php(46): App\\Http\\Controllers\\GroupController->search(Object(Illuminate\\Http\\Request))
#12 C:\\Users\\USER\\Downloads\\web-positron-main\\web-positron-main\\vendor\\laravel\\framework\\src\\Illuminate\\Routing\\Route.php(265): Illuminate\\Routing\\ControllerDispatcher->dispatch(Object(Illuminate\\Routing\\Route), Object(App\\Http\\Controllers\\GroupController), 'search')
#13 C:\\Users\\USER\\Downloads\\web-positron-main\\web-positron-main\\vendor\\laravel\\framework\\src\\Illuminate\\Routing\\Route.php(211): Illuminate\\Routing\\Route->runController()
#14 C:\\Users\\USER\\Downloads\\web-positron-main\\web-positron-main\\vendor\\laravel\\framework\\src\\Illuminate\\Routing\\Router.php(808): Illuminate\\Routing\\Route->run()
#15 C:\\Users\\USER\\Downloads\\web-positron-main\\web-positron-main\\vendor\\laravel\\framework\\src\\Illuminate\\Pipeline\\Pipeline.php(169): Illuminate\\Routing\\Router->Illuminate\\Routing\\{closure}(Object(Illuminate\\Http\\Request))
#16 C:\\Users\\USER\\Downloads\\web-positron-main\\web-positron-main\\vendor\\laravel\\framework\\src\\Illuminate\\Routing\\Middleware\\SubstituteBindings.php(50): Illuminate\\Pipeline\\Pipeline->Illuminate\\Pipeline\\{closure}(Object(Illuminate\\Http\\Request))
#17 C:\\Users\\USER\\Downloads\\web-positron-main\\web-positron-main\\vendor\\laravel\\framework\\src\\Illuminate\\Pipeline\\Pipeline.php(208): Illuminate\\Routing\\Middleware\\SubstituteBindings->handle(Object(Illuminate\\Http\\Request), Object(Closure))
#18 C:\\Users\\USER\\Downloads\\web-positron-main\\web-positron-main\\vendor\\laravel\\framework\\src\\Illuminate\\Foundation\\Http\\Middleware\\VerifyCsrfToken.php(87): Illuminate\\Pipeline\\Pipeline->Illuminate\\Pipeline\\{closure}(Object(Illuminate\\Http\\Request))
#19 C:\\Users\\USER\\Downloads\\web-positron-main\\web-positron-main\\vendor\\laravel\\framework\\src\\Illuminate\\Pipeline\\Pipeline.php(208): Illuminate\\Foundation\\Http\\Middleware\\VerifyCsrfToken->handle(Object(Illuminate\\Http\\Request), Object(Closure))
#20 C:\\Users\\USER\\Downloads\\web-positron-main\\web-positron-main\\vendor\\laravel\\framework\\src\\Illuminate\\View\\Middleware\\ShareErrorsFromSession.php(48): Illuminate\\Pipeline\\Pipeline->Illuminate\\Pipeline\\{closure}(Object(Illuminate\\Http\\Request))
#21 C:\\Users\\USER\\Downloads\\web-positron-main\\web-positron-main\\vendor\\laravel\\framework\\src\\Illuminate\\Pipeline\\Pipeline.php(208): Illuminate\\View\\Middleware\\ShareErrorsFromSession->handle(Object(Illuminate\\Http\\Request), Object(Closure))
#22 C:\\Users\\USER\\Downloads\\web-positron-main\\web-positron-main\\vendor\\laravel\\framework\\src\\Illuminate\\Session\\Middleware\\StartSession.php(120): Illuminate\\Pipeline\\Pipeline->Illuminate\\Pipeline\\{closure}(Object(Illuminate\\Http\\Request))
#23 C:\\Users\\USER\\Downloads\\web-positron-main\\web-positron-main\\vendor\\laravel\\framework\\src\\Illuminate\\Session\\Middleware\\StartSession.php(63): Illuminate\\Session\\Middleware\\StartSession->handleStatefulRequest(Object(Illuminate\\Http\\Request), Object(Illuminate\\Session\\Store), Object(Closure))
#24 C:\\Users\\USER\\Downloads\\web-positron-main\\web-positron-main\\vendor\\laravel\\framework\\src\\Illuminate\\Pipeline\\Pipeline.php(208): Illuminate\\Session\\Middleware\\StartSession->handle(Object(Illuminate\\Http\\Request), Object(Closure))
#25 C:\\Users\\USER\\Downloads\\web-positron-main\\web-positron-main\\vendor\\laravel\\framework\\src\\Illuminate\\Cookie\\Middleware\\AddQueuedCookiesToResponse.php(36): Illuminate\\Pipeline\\Pipeline->Illuminate\\Pipeline\\{closure}(Object(Illuminate\\Http\\Request))
#26 C:\\Users\\USER\\Downloads\\web-positron-main\\web-positron-main\\vendor\\laravel\\framework\\src\\Illuminate\\Pipeline\\Pipeline.php(208): Illuminate\\Cookie\\Middleware\\AddQueuedCookiesToResponse->handle(Object(Illuminate\\Http\\Request), Object(Closure))
#27 C:\\Users\\USER\\Downloads\\web-positron-main\\web-positron-main\\vendor\\laravel\\framework\\src\\Illuminate\\Cookie\\Middleware\\EncryptCookies.php(74): Illuminate\\Pipeline\\Pipeline->Illuminate\\Pipeline\\{closure}(Object(Illuminate\\Http\\Request))
#28 C:\\Users\\USER\\Downloads\\web-positron-main\\web-positron-main\\vendor\\laravel\\framework\\src\\Illuminate\\Pipeline\\Pipeline.php(208): Illuminate\\Cookie\\Middleware\\EncryptCookies->handle(Object(Illuminate\\Http\\Request), Object(Closure))
#29 C:\\Users\\USER\\Downloads\\web-positron-main\\web-positron-main\\vendor\\laravel\\framework\\src\\Illuminate\\Pipeline\\Pipeline.php(126): Illuminate\\Pipeline\\Pipeline->Illuminate\\Pipeline\\{closure}(Object(Illuminate\\Http\\Request))
#30 C:\\Users\\USER\\Downloads\\web-positron-main\\web-positron-main\\vendor\\laravel\\framework\\src\\Illuminate\\Routing\\Router.php(807): Illuminate\\Pipeline\\Pipeline->then(Object(Closure))
#31 C:\\Users\\USER\\Downloads\\web-positron-main\\web-positron-main\\vendor\\laravel\\framework\\src\\Illuminate\\Routing\\Router.php(786): Illuminate\\Routing\\Router->runRouteWithinStack(Object(Illuminate\\Routing\\Route), Object(Illuminate\\Http\\Request))
#32 C:\\Users\\USER\\Downloads\\web-positron-main\\web-positron-main\\vendor\\laravel\\framework\\src\\Illuminate\\Routing\\Router.php(750): Illuminate\\Routing\\Router->runRoute(Object(Illuminate\\Http\\Request), Object(Illuminate\\Routing\\Route))
#33 C:\\Users\\USER\\Downloads\\web-positron-main\\web-positron-main\\vendor\\laravel\\framework\\src\\Illuminate\\Routing\\Router.php(739): Illuminate\\Routing\\Router->dispatchToRoute(Object(Illuminate\\Http\\Request))
#34 C:\\Users\\USER\\Downloads\\web-positron-main\\web-positron-main\\vendor\\laravel\\framework\\src\\Illuminate\\Foundation\\Http\\Kernel.php(200): Illuminate\\Routing\\Router->dispatch(Object(Illuminate\\Http\\Request))
#35 C:\\Users\\USER\\Downloads\\web-positron-main\\web-positron-main\\vendor\\laravel\\framework\\src\\Illuminate\\Pipeline\\Pipeline.php(169): Illuminate\\Foundation\\Http\\Kernel->Illuminate\\Foundation\\Http\\{closure}(Object(Illuminate\\Http\\Request))
#36 C:\\Users\\USER\\Downloads\\web-positron-main\\web-positron-main\\vendor\\laravel\\framework\\src\\Illuminate\\Foundation\\Http\\Middleware\\TransformsRequest.php(21): Illuminate\\Pipeline\\Pipeline->Illuminate\\Pipeline\\{closure}(Object(Illuminate\\Http\\Request))
#37 C:\\Users\\USER\\Downloads\\web-positron-main\\web-positron-main\\vendor\\laravel\\framework\\src\\Illuminate\\Foundation\\Http\\Middleware\\ConvertEmptyStringsToNull.php(31): Illuminate\\Foundation\\Http\\Middleware\\TransformsRequest->handle(Object(Illuminate\\Http\\Request), Object(Closure))
#38 C:\\Users\\USER\\Downloads\\web-positron-main\\web-positron-main\\vendor\\laravel\\framework\\src\\Illuminate\\Pipeline\\Pipeline.php(208): Illuminate\\Foundation\\Http\\Middleware\\ConvertEmptyStringsToNull->handle(Object(Illuminate\\Http\\Request), Object(Closure))
#39 C:\\Users\\USER\\Downloads\\web-positron-main\\web-positron-main\\vendor\\laravel\\framework\\src\\Illuminate\\Foundation\\Http\\Middleware\\TransformsRequest.php(21): Illuminate\\Pipeline\\Pipeline->Illuminate\\Pipeline\\{closure}(Object(Illuminate\\Http\\Request))
#40 C:\\Users\\USER\\Downloads\\web-positron-main\\web-positron-main\\vendor\\laravel\\framework\\src\\Illuminate\\Foundation\\Http\\Middleware\\TrimStrings.php(51): Illuminate\\Foundation\\Http\\Middleware\\TransformsRequest->handle(Object(Illuminate\\Http\\Request), Object(Closure))
#41 C:\\Users\\USER\\Downloads\\web-positron-main\\web-positron-main\\vendor\\laravel\\framework\\src\\Illuminate\\Pipeline\\Pipeline.php(208): Illuminate\\Foundation\\Http\\Middleware\\TrimStrings->handle(Object(Illuminate\\Http\\Request), Object(Closure))
#42 C:\\Users\\USER\\Downloads\\web-positron-main\\web-positron-main\\vendor\\laravel\\framework\\src\\Illuminate\\Http\\Middleware\\ValidatePostSize.php(27): Illuminate\\Pipeline\\Pipeline->Illuminate\\Pipeline\\{closure}(Object(Illuminate\\Http\\Request))
#43 C:\\Users\\USER\\Downloads\\web-positron-main\\web-positron-main\\vendor\\laravel\\framework\\src\\Illuminate\\Pipeline\\Pipeline.php(208): Illuminate\\Http\\Middleware\\ValidatePostSize->handle(Object(Illuminate\\Http\\Request), Object(Closure))
#44 C:\\Users\\USER\\Downloads\\web-positron-main\\web-positron-main\\vendor\\laravel\\framework\\src\\Illuminate\\Foundation\\Http\\Middleware\\PreventRequestsDuringMaintenance.php(109): Illuminate\\Pipeline\\Pipeline->Illuminate\\Pipeline\\{closure}(Object(Illuminate\\Http\\Request))
#45 C:\\Users\\USER\\Downloads\\web-positron-main\\web-positron-main\\vendor\\laravel\\framework\\src\\Illuminate\\Pipeline\\Pipeline.php(208): Illuminate\\Foundation\\Http\\Middleware\\PreventRequestsDuringMaintenance->handle(Object(Illuminate\\Http\\Request), Object(Closure))
#46 C:\\Users\\USER\\Downloads\\web-positron-main\\web-positron-main\\vendor\\laravel\\framework\\src\\Illuminate\\Http\\Middleware\\HandleCors.php(48): Illuminate\\Pipeline\\Pipeline->Illuminate\\Pipeline\\{closure}(Object(Illuminate\\Http\\Request))
#47 C:\\Users\\USER\\Downloads\\web-positron-main\\web-positron-main\\vendor\\laravel\\framework\\src\\Illuminate\\Pipeline\\Pipeline.php(208): Illuminate\\Http\\Middleware\\HandleCors->handle(Object(Illuminate\\Http\\Request), Object(Closure))
#48 C:\\Users\\USER\\Downloads\\web-positron-main\\web-positron-main\\vendor\\laravel\\framework\\src\\Illuminate\\Http\\Middleware\\TrustProxies.php(58): Illuminate\\Pipeline\\Pipeline->Illuminate\\Pipeline\\{closure}(Object(Illuminate\\Http\\Request))
#49 C:\\Users\\USER\\Downloads\\web-positron-main\\web-positron-main\\vendor\\laravel\\framework\\src\\Illuminate\\Pipeline\\Pipeline.php(208): Illuminate\\Http\\Middleware\\TrustProxies->handle(Object(Illuminate\\Http\\Request), Object(Closure))
#50 C:\\Users\\USER\\Downloads\\web-positron-main\\web-positron-main\\vendor\\laravel\\framework\\src\\Illuminate\\Foundation\\Http\\Middleware\\InvokeDeferredCallbacks.php(22): Illuminate\\Pipeline\\Pipeline->Illuminate\\Pipeline\\{closure}(Object(Illuminate\\Http\\Request))
#51 C:\\Users\\USER\\Downloads\\web-positron-main\\web-positron-main\\vendor\\laravel\\framework\\src\\Illuminate\\Pipeline\\Pipeline.php(208): Illuminate\\Foundation\\Http\\Middleware\\InvokeDeferredCallbacks->handle(Object(Illuminate\\Http\\Request), Object(Closure))
#52 C:\\Users\\USER\\Downloads\\web-positron-main\\web-positron-main\\vendor\\laravel\\framework\\src\\Illuminate\\Http\\Middleware\\ValidatePathEncoding.php(26): Illuminate\\Pipeline\\Pipeline->Illuminate\\Pipeline\\{closure}(Object(Illuminate\\Http\\Request))
#53 C:\\Users\\USER\\Downloads\\web-positron-main\\web-positron-main\\vendor\\laravel\\framework\\src\\Illuminate\\Pipeline\\Pipeline.php(208): Illuminate\\Http\\Middleware\\ValidatePathEncoding->handle(Object(Illuminate\\Http\\Request), Object(Closure))
#54 C:\\Users\\USER\\Downloads\\web-positron-main\\web-positron-main\\vendor\\laravel\\framework\\src\\Illuminate\\Pipeline\\Pipeline.php(126): Illuminate\\Pipeline\\Pipeline->Illuminate\\Pipeline\\{closure}(Object(Illuminate\\Http\\Request))
#55 C:\\Users\\USER\\Downloads\\web-positron-main\\web-positron-main\\vendor\\laravel\\framework\\src\\Illuminate\\Foundation\\Http\\Kernel.php(175): Illuminate\\Pipeline\\Pipeline->then(Object(Closure))
#56 C:\\Users\\USER\\Downloads\\web-positron-main\\web-positron-main\\vendor\\laravel\\framework\\src\\Illuminate\\Foundation\\Http\\Kernel.php(144): Illuminate\\Foundation\\Http\\Kernel->sendRequestThroughRouter(Object(Illuminate\\Http\\Request))
#57 C:\\Users\\USER\\Downloads\\web-positron-main\\web-positron-main\\vendor\\laravel\\framework\\src\\Illuminate\\Foundation\\Application.php(1219): Illuminate\\Foundation\\Http\\Kernel->handle(Object(Illuminate\\Http\\Request))
#58 C:\\Users\\USER\\Downloads\\web-positron-main\\web-positron-main\\public\\index.php(20): Illuminate\\Foundation\\Application->handleRequest(Object(Illuminate\\Http\\Request))
#59 C:\\Users\\USER\\Downloads\\web-positron-main\\web-positron-main\\vendor\\laravel\\framework\\src\\Illuminate\\Foundation\\resources\\server.php(23): require_once('C:\\\\Users\\\\USER\\\\D...')
#60 {main}
"} 
[2025-07-07 22:49:00] local.ERROR: syntax error, unexpected identifier "html", expecting ")" (View: C:\Users\USER\Downloads\web-positron-main\web-positron-main\resources\views\layouts\app.blade.php) (View: C:\Users\USER\Downloads\web-positron-main\web-positron-main\resources\views\layouts\app.blade.php) {"exception":"[object] (Illuminate\\View\\ViewException(code: 0): syntax error, unexpected identifier \"html\", expecting \")\" (View: C:\\Users\\USER\\Downloads\\web-positron-main\\web-positron-main\\resources\\views\\layouts\\app.blade.php) (View: C:\\Users\\USER\\Downloads\\web-positron-main\\web-positron-main\\resources\\views\\layouts\\app.blade.php) at C:\\Users\\USER\\Downloads\\web-positron-main\\web-positron-main\\storage\\framework\\views\\0be05a65c681198d9addef58f6797f69.php:270)
[stacktrace]
#0 C:\\Users\\USER\\Downloads\\web-positron-main\\web-positron-main\\vendor\\laravel\\framework\\src\\Illuminate\\View\\Engines\\PhpEngine.php(59): Illuminate\\View\\Engines\\CompilerEngine->handleViewException(Object(Illuminate\\View\\ViewException), 1)
#1 C:\\Users\\USER\\Downloads\\web-positron-main\\web-positron-main\\vendor\\laravel\\framework\\src\\Illuminate\\View\\Engines\\CompilerEngine.php(74): Illuminate\\View\\Engines\\PhpEngine->evaluatePath('C:\\\\Users\\\\USER\\\\D...', Array)
#2 C:\\Users\\USER\\Downloads\\web-positron-main\\web-positron-main\\vendor\\laravel\\framework\\src\\Illuminate\\View\\View.php(208): Illuminate\\View\\Engines\\CompilerEngine->get('C:\\\\Users\\\\USER\\\\D...', Array)
#3 C:\\Users\\USER\\Downloads\\web-positron-main\\web-positron-main\\vendor\\laravel\\framework\\src\\Illuminate\\View\\View.php(191): Illuminate\\View\\View->getContents()
#4 C:\\Users\\USER\\Downloads\\web-positron-main\\web-positron-main\\vendor\\laravel\\framework\\src\\Illuminate\\View\\View.php(160): Illuminate\\View\\View->renderContents()
#5 C:\\Users\\USER\\Downloads\\web-positron-main\\web-positron-main\\vendor\\laravel\\framework\\src\\Illuminate\\Http\\Response.php(78): Illuminate\\View\\View->render()
#6 C:\\Users\\USER\\Downloads\\web-positron-main\\web-positron-main\\vendor\\laravel\\framework\\src\\Illuminate\\Http\\Response.php(34): Illuminate\\Http\\Response->setContent(Object(Illuminate\\View\\View))
#7 C:\\Users\\USER\\Downloads\\web-positron-main\\web-positron-main\\vendor\\laravel\\framework\\src\\Illuminate\\Routing\\Router.php(924): Illuminate\\Http\\Response->__construct(Object(Illuminate\\View\\View), 200, Array)
#8 C:\\Users\\USER\\Downloads\\web-positron-main\\web-positron-main\\vendor\\laravel\\framework\\src\\Illuminate\\Routing\\Router.php(891): Illuminate\\Routing\\Router::toResponse(Object(Illuminate\\Http\\Request), Object(Illuminate\\View\\View))
#9 C:\\Users\\USER\\Downloads\\web-positron-main\\web-positron-main\\vendor\\laravel\\framework\\src\\Illuminate\\Routing\\Router.php(807): Illuminate\\Routing\\Router->prepareResponse(Object(Illuminate\\Http\\Request), Object(Illuminate\\View\\View))
#10 C:\\Users\\USER\\Downloads\\web-positron-main\\web-positron-main\\vendor\\laravel\\framework\\src\\Illuminate\\Pipeline\\Pipeline.php(169): Illuminate\\Routing\\Router->Illuminate\\Routing\\{closure}(Object(Illuminate\\Http\\Request))
#11 C:\\Users\\USER\\Downloads\\web-positron-main\\web-positron-main\\vendor\\laravel\\framework\\src\\Illuminate\\Routing\\Middleware\\SubstituteBindings.php(50): Illuminate\\Pipeline\\Pipeline->Illuminate\\Pipeline\\{closure}(Object(Illuminate\\Http\\Request))
#12 C:\\Users\\USER\\Downloads\\web-positron-main\\web-positron-main\\vendor\\laravel\\framework\\src\\Illuminate\\Pipeline\\Pipeline.php(208): Illuminate\\Routing\\Middleware\\SubstituteBindings->handle(Object(Illuminate\\Http\\Request), Object(Closure))
#13 C:\\Users\\USER\\Downloads\\web-positron-main\\web-positron-main\\vendor\\laravel\\framework\\src\\Illuminate\\Foundation\\Http\\Middleware\\VerifyCsrfToken.php(87): Illuminate\\Pipeline\\Pipeline->Illuminate\\Pipeline\\{closure}(Object(Illuminate\\Http\\Request))
#14 C:\\Users\\USER\\Downloads\\web-positron-main\\web-positron-main\\vendor\\laravel\\framework\\src\\Illuminate\\Pipeline\\Pipeline.php(208): Illuminate\\Foundation\\Http\\Middleware\\VerifyCsrfToken->handle(Object(Illuminate\\Http\\Request), Object(Closure))
#15 C:\\Users\\USER\\Downloads\\web-positron-main\\web-positron-main\\vendor\\laravel\\framework\\src\\Illuminate\\View\\Middleware\\ShareErrorsFromSession.php(48): Illuminate\\Pipeline\\Pipeline->Illuminate\\Pipeline\\{closure}(Object(Illuminate\\Http\\Request))
#16 C:\\Users\\USER\\Downloads\\web-positron-main\\web-positron-main\\vendor\\laravel\\framework\\src\\Illuminate\\Pipeline\\Pipeline.php(208): Illuminate\\View\\Middleware\\ShareErrorsFromSession->handle(Object(Illuminate\\Http\\Request), Object(Closure))
#17 C:\\Users\\USER\\Downloads\\web-positron-main\\web-positron-main\\vendor\\laravel\\framework\\src\\Illuminate\\Session\\Middleware\\StartSession.php(120): Illuminate\\Pipeline\\Pipeline->Illuminate\\Pipeline\\{closure}(Object(Illuminate\\Http\\Request))
#18 C:\\Users\\USER\\Downloads\\web-positron-main\\web-positron-main\\vendor\\laravel\\framework\\src\\Illuminate\\Session\\Middleware\\StartSession.php(63): Illuminate\\Session\\Middleware\\StartSession->handleStatefulRequest(Object(Illuminate\\Http\\Request), Object(Illuminate\\Session\\Store), Object(Closure))
#19 C:\\Users\\USER\\Downloads\\web-positron-main\\web-positron-main\\vendor\\laravel\\framework\\src\\Illuminate\\Pipeline\\Pipeline.php(208): Illuminate\\Session\\Middleware\\StartSession->handle(Object(Illuminate\\Http\\Request), Object(Closure))
#20 C:\\Users\\USER\\Downloads\\web-positron-main\\web-positron-main\\vendor\\laravel\\framework\\src\\Illuminate\\Cookie\\Middleware\\AddQueuedCookiesToResponse.php(36): Illuminate\\Pipeline\\Pipeline->Illuminate\\Pipeline\\{closure}(Object(Illuminate\\Http\\Request))
#21 C:\\Users\\USER\\Downloads\\web-positron-main\\web-positron-main\\vendor\\laravel\\framework\\src\\Illuminate\\Pipeline\\Pipeline.php(208): Illuminate\\Cookie\\Middleware\\AddQueuedCookiesToResponse->handle(Object(Illuminate\\Http\\Request), Object(Closure))
#22 C:\\Users\\USER\\Downloads\\web-positron-main\\web-positron-main\\vendor\\laravel\\framework\\src\\Illuminate\\Cookie\\Middleware\\EncryptCookies.php(74): Illuminate\\Pipeline\\Pipeline->Illuminate\\Pipeline\\{closure}(Object(Illuminate\\Http\\Request))
#23 C:\\Users\\USER\\Downloads\\web-positron-main\\web-positron-main\\vendor\\laravel\\framework\\src\\Illuminate\\Pipeline\\Pipeline.php(208): Illuminate\\Cookie\\Middleware\\EncryptCookies->handle(Object(Illuminate\\Http\\Request), Object(Closure))
#24 C:\\Users\\USER\\Downloads\\web-positron-main\\web-positron-main\\vendor\\laravel\\framework\\src\\Illuminate\\Pipeline\\Pipeline.php(126): Illuminate\\Pipeline\\Pipeline->Illuminate\\Pipeline\\{closure}(Object(Illuminate\\Http\\Request))
#25 C:\\Users\\USER\\Downloads\\web-positron-main\\web-positron-main\\vendor\\laravel\\framework\\src\\Illuminate\\Routing\\Router.php(807): Illuminate\\Pipeline\\Pipeline->then(Object(Closure))
#26 C:\\Users\\USER\\Downloads\\web-positron-main\\web-positron-main\\vendor\\laravel\\framework\\src\\Illuminate\\Routing\\Router.php(786): Illuminate\\Routing\\Router->runRouteWithinStack(Object(Illuminate\\Routing\\Route), Object(Illuminate\\Http\\Request))
#27 C:\\Users\\USER\\Downloads\\web-positron-main\\web-positron-main\\vendor\\laravel\\framework\\src\\Illuminate\\Routing\\Router.php(750): Illuminate\\Routing\\Router->runRoute(Object(Illuminate\\Http\\Request), Object(Illuminate\\Routing\\Route))
#28 C:\\Users\\USER\\Downloads\\web-positron-main\\web-positron-main\\vendor\\laravel\\framework\\src\\Illuminate\\Routing\\Router.php(739): Illuminate\\Routing\\Router->dispatchToRoute(Object(Illuminate\\Http\\Request))
#29 C:\\Users\\USER\\Downloads\\web-positron-main\\web-positron-main\\vendor\\laravel\\framework\\src\\Illuminate\\Foundation\\Http\\Kernel.php(200): Illuminate\\Routing\\Router->dispatch(Object(Illuminate\\Http\\Request))
#30 C:\\Users\\USER\\Downloads\\web-positron-main\\web-positron-main\\vendor\\laravel\\framework\\src\\Illuminate\\Pipeline\\Pipeline.php(169): Illuminate\\Foundation\\Http\\Kernel->Illuminate\\Foundation\\Http\\{closure}(Object(Illuminate\\Http\\Request))
#31 C:\\Users\\USER\\Downloads\\web-positron-main\\web-positron-main\\vendor\\laravel\\framework\\src\\Illuminate\\Foundation\\Http\\Middleware\\TransformsRequest.php(21): Illuminate\\Pipeline\\Pipeline->Illuminate\\Pipeline\\{closure}(Object(Illuminate\\Http\\Request))
#32 C:\\Users\\USER\\Downloads\\web-positron-main\\web-positron-main\\vendor\\laravel\\framework\\src\\Illuminate\\Foundation\\Http\\Middleware\\ConvertEmptyStringsToNull.php(31): Illuminate\\Foundation\\Http\\Middleware\\TransformsRequest->handle(Object(Illuminate\\Http\\Request), Object(Closure))
#33 C:\\Users\\USER\\Downloads\\web-positron-main\\web-positron-main\\vendor\\laravel\\framework\\src\\Illuminate\\Pipeline\\Pipeline.php(208): Illuminate\\Foundation\\Http\\Middleware\\ConvertEmptyStringsToNull->handle(Object(Illuminate\\Http\\Request), Object(Closure))
#34 C:\\Users\\USER\\Downloads\\web-positron-main\\web-positron-main\\vendor\\laravel\\framework\\src\\Illuminate\\Foundation\\Http\\Middleware\\TransformsRequest.php(21): Illuminate\\Pipeline\\Pipeline->Illuminate\\Pipeline\\{closure}(Object(Illuminate\\Http\\Request))
#35 C:\\Users\\USER\\Downloads\\web-positron-main\\web-positron-main\\vendor\\laravel\\framework\\src\\Illuminate\\Foundation\\Http\\Middleware\\TrimStrings.php(51): Illuminate\\Foundation\\Http\\Middleware\\TransformsRequest->handle(Object(Illuminate\\Http\\Request), Object(Closure))
#36 C:\\Users\\USER\\Downloads\\web-positron-main\\web-positron-main\\vendor\\laravel\\framework\\src\\Illuminate\\Pipeline\\Pipeline.php(208): Illuminate\\Foundation\\Http\\Middleware\\TrimStrings->handle(Object(Illuminate\\Http\\Request), Object(Closure))
#37 C:\\Users\\USER\\Downloads\\web-positron-main\\web-positron-main\\vendor\\laravel\\framework\\src\\Illuminate\\Http\\Middleware\\ValidatePostSize.php(27): Illuminate\\Pipeline\\Pipeline->Illuminate\\Pipeline\\{closure}(Object(Illuminate\\Http\\Request))
#38 C:\\Users\\USER\\Downloads\\web-positron-main\\web-positron-main\\vendor\\laravel\\framework\\src\\Illuminate\\Pipeline\\Pipeline.php(208): Illuminate\\Http\\Middleware\\ValidatePostSize->handle(Object(Illuminate\\Http\\Request), Object(Closure))
#39 C:\\Users\\USER\\Downloads\\web-positron-main\\web-positron-main\\vendor\\laravel\\framework\\src\\Illuminate\\Foundation\\Http\\Middleware\\PreventRequestsDuringMaintenance.php(109): Illuminate\\Pipeline\\Pipeline->Illuminate\\Pipeline\\{closure}(Object(Illuminate\\Http\\Request))
#40 C:\\Users\\USER\\Downloads\\web-positron-main\\web-positron-main\\vendor\\laravel\\framework\\src\\Illuminate\\Pipeline\\Pipeline.php(208): Illuminate\\Foundation\\Http\\Middleware\\PreventRequestsDuringMaintenance->handle(Object(Illuminate\\Http\\Request), Object(Closure))
#41 C:\\Users\\USER\\Downloads\\web-positron-main\\web-positron-main\\vendor\\laravel\\framework\\src\\Illuminate\\Http\\Middleware\\HandleCors.php(48): Illuminate\\Pipeline\\Pipeline->Illuminate\\Pipeline\\{closure}(Object(Illuminate\\Http\\Request))
#42 C:\\Users\\USER\\Downloads\\web-positron-main\\web-positron-main\\vendor\\laravel\\framework\\src\\Illuminate\\Pipeline\\Pipeline.php(208): Illuminate\\Http\\Middleware\\HandleCors->handle(Object(Illuminate\\Http\\Request), Object(Closure))
#43 C:\\Users\\USER\\Downloads\\web-positron-main\\web-positron-main\\vendor\\laravel\\framework\\src\\Illuminate\\Http\\Middleware\\TrustProxies.php(58): Illuminate\\Pipeline\\Pipeline->Illuminate\\Pipeline\\{closure}(Object(Illuminate\\Http\\Request))
#44 C:\\Users\\USER\\Downloads\\web-positron-main\\web-positron-main\\vendor\\laravel\\framework\\src\\Illuminate\\Pipeline\\Pipeline.php(208): Illuminate\\Http\\Middleware\\TrustProxies->handle(Object(Illuminate\\Http\\Request), Object(Closure))
#45 C:\\Users\\USER\\Downloads\\web-positron-main\\web-positron-main\\vendor\\laravel\\framework\\src\\Illuminate\\Foundation\\Http\\Middleware\\InvokeDeferredCallbacks.php(22): Illuminate\\Pipeline\\Pipeline->Illuminate\\Pipeline\\{closure}(Object(Illuminate\\Http\\Request))
#46 C:\\Users\\USER\\Downloads\\web-positron-main\\web-positron-main\\vendor\\laravel\\framework\\src\\Illuminate\\Pipeline\\Pipeline.php(208): Illuminate\\Foundation\\Http\\Middleware\\InvokeDeferredCallbacks->handle(Object(Illuminate\\Http\\Request), Object(Closure))
#47 C:\\Users\\USER\\Downloads\\web-positron-main\\web-positron-main\\vendor\\laravel\\framework\\src\\Illuminate\\Http\\Middleware\\ValidatePathEncoding.php(26): Illuminate\\Pipeline\\Pipeline->Illuminate\\Pipeline\\{closure}(Object(Illuminate\\Http\\Request))
#48 C:\\Users\\USER\\Downloads\\web-positron-main\\web-positron-main\\vendor\\laravel\\framework\\src\\Illuminate\\Pipeline\\Pipeline.php(208): Illuminate\\Http\\Middleware\\ValidatePathEncoding->handle(Object(Illuminate\\Http\\Request), Object(Closure))
#49 C:\\Users\\USER\\Downloads\\web-positron-main\\web-positron-main\\vendor\\laravel\\framework\\src\\Illuminate\\Pipeline\\Pipeline.php(126): Illuminate\\Pipeline\\Pipeline->Illuminate\\Pipeline\\{closure}(Object(Illuminate\\Http\\Request))
#50 C:\\Users\\USER\\Downloads\\web-positron-main\\web-positron-main\\vendor\\laravel\\framework\\src\\Illuminate\\Foundation\\Http\\Kernel.php(175): Illuminate\\Pipeline\\Pipeline->then(Object(Closure))
#51 C:\\Users\\USER\\Downloads\\web-positron-main\\web-positron-main\\vendor\\laravel\\framework\\src\\Illuminate\\Foundation\\Http\\Kernel.php(144): Illuminate\\Foundation\\Http\\Kernel->sendRequestThroughRouter(Object(Illuminate\\Http\\Request))
#52 C:\\Users\\USER\\Downloads\\web-positron-main\\web-positron-main\\vendor\\laravel\\framework\\src\\Illuminate\\Foundation\\Application.php(1219): Illuminate\\Foundation\\Http\\Kernel->handle(Object(Illuminate\\Http\\Request))
#53 C:\\Users\\USER\\Downloads\\web-positron-main\\web-positron-main\\public\\index.php(20): Illuminate\\Foundation\\Application->handleRequest(Object(Illuminate\\Http\\Request))
#54 C:\\Users\\USER\\Downloads\\web-positron-main\\web-positron-main\\vendor\\laravel\\framework\\src\\Illuminate\\Foundation\\resources\\server.php(23): require_once('C:\\\\Users\\\\USER\\\\D...')
#55 {main}

[previous exception] [object] (Illuminate\\View\\ViewException(code: 0): syntax error, unexpected identifier \"html\", expecting \")\" (View: C:\\Users\\USER\\Downloads\\web-positron-main\\web-positron-main\\resources\\views\\layouts\\app.blade.php) at C:\\Users\\USER\\Downloads\\web-positron-main\\web-positron-main\\storage\\framework\\views\\0be05a65c681198d9addef58f6797f69.php:270)
[stacktrace]
#0 C:\\Users\\USER\\Downloads\\web-positron-main\\web-positron-main\\vendor\\laravel\\framework\\src\\Illuminate\\View\\Engines\\PhpEngine.php(59): Illuminate\\View\\Engines\\CompilerEngine->handleViewException(Object(ParseError), 2)
#1 C:\\Users\\USER\\Downloads\\web-positron-main\\web-positron-main\\vendor\\laravel\\framework\\src\\Illuminate\\View\\Engines\\CompilerEngine.php(74): Illuminate\\View\\Engines\\PhpEngine->evaluatePath('C:\\\\Users\\\\USER\\\\D...', Array)
#2 C:\\Users\\USER\\Downloads\\web-positron-main\\web-positron-main\\vendor\\laravel\\framework\\src\\Illuminate\\View\\View.php(208): Illuminate\\View\\Engines\\CompilerEngine->get('C:\\\\Users\\\\USER\\\\D...', Array)
#3 C:\\Users\\USER\\Downloads\\web-positron-main\\web-positron-main\\vendor\\laravel\\framework\\src\\Illuminate\\View\\View.php(191): Illuminate\\View\\View->getContents()
#4 C:\\Users\\USER\\Downloads\\web-positron-main\\web-positron-main\\vendor\\laravel\\framework\\src\\Illuminate\\View\\View.php(160): Illuminate\\View\\View->renderContents()
#5 C:\\Users\\USER\\Downloads\\web-positron-main\\web-positron-main\\storage\\framework\\views\\d8a12e096c8050ca493bbaeecc3e50f4.php(682): Illuminate\\View\\View->render()
#6 C:\\Users\\USER\\Downloads\\web-positron-main\\web-positron-main\\vendor\\laravel\\framework\\src\\Illuminate\\Filesystem\\Filesystem.php(123): require('C:\\\\Users\\\\USER\\\\D...')
#7 C:\\Users\\USER\\Downloads\\web-positron-main\\web-positron-main\\vendor\\laravel\\framework\\src\\Illuminate\\Filesystem\\Filesystem.php(124): Illuminate\\Filesystem\\Filesystem::Illuminate\\Filesystem\\{closure}()
#8 C:\\Users\\USER\\Downloads\\web-positron-main\\web-positron-main\\vendor\\laravel\\framework\\src\\Illuminate\\View\\Engines\\PhpEngine.php(57): Illuminate\\Filesystem\\Filesystem->getRequire('C:\\\\Users\\\\USER\\\\D...', Array)
#9 C:\\Users\\USER\\Downloads\\web-positron-main\\web-positron-main\\vendor\\laravel\\framework\\src\\Illuminate\\View\\Engines\\CompilerEngine.php(74): Illuminate\\View\\Engines\\PhpEngine->evaluatePath('C:\\\\Users\\\\USER\\\\D...', Array)
#10 C:\\Users\\USER\\Downloads\\web-positron-main\\web-positron-main\\vendor\\laravel\\framework\\src\\Illuminate\\View\\View.php(208): Illuminate\\View\\Engines\\CompilerEngine->get('C:\\\\Users\\\\USER\\\\D...', Array)
#11 C:\\Users\\USER\\Downloads\\web-positron-main\\web-positron-main\\vendor\\laravel\\framework\\src\\Illuminate\\View\\View.php(191): Illuminate\\View\\View->getContents()
#12 C:\\Users\\USER\\Downloads\\web-positron-main\\web-positron-main\\vendor\\laravel\\framework\\src\\Illuminate\\View\\View.php(160): Illuminate\\View\\View->renderContents()
#13 C:\\Users\\USER\\Downloads\\web-positron-main\\web-positron-main\\vendor\\laravel\\framework\\src\\Illuminate\\Http\\Response.php(78): Illuminate\\View\\View->render()
#14 C:\\Users\\USER\\Downloads\\web-positron-main\\web-positron-main\\vendor\\laravel\\framework\\src\\Illuminate\\Http\\Response.php(34): Illuminate\\Http\\Response->setContent(Object(Illuminate\\View\\View))
#15 C:\\Users\\USER\\Downloads\\web-positron-main\\web-positron-main\\vendor\\laravel\\framework\\src\\Illuminate\\Routing\\Router.php(924): Illuminate\\Http\\Response->__construct(Object(Illuminate\\View\\View), 200, Array)
#16 C:\\Users\\USER\\Downloads\\web-positron-main\\web-positron-main\\vendor\\laravel\\framework\\src\\Illuminate\\Routing\\Router.php(891): Illuminate\\Routing\\Router::toResponse(Object(Illuminate\\Http\\Request), Object(Illuminate\\View\\View))
#17 C:\\Users\\USER\\Downloads\\web-positron-main\\web-positron-main\\vendor\\laravel\\framework\\src\\Illuminate\\Routing\\Router.php(807): Illuminate\\Routing\\Router->prepareResponse(Object(Illuminate\\Http\\Request), Object(Illuminate\\View\\View))
#18 C:\\Users\\USER\\Downloads\\web-positron-main\\web-positron-main\\vendor\\laravel\\framework\\src\\Illuminate\\Pipeline\\Pipeline.php(169): Illuminate\\Routing\\Router->Illuminate\\Routing\\{closure}(Object(Illuminate\\Http\\Request))
#19 C:\\Users\\USER\\Downloads\\web-positron-main\\web-positron-main\\vendor\\laravel\\framework\\src\\Illuminate\\Routing\\Middleware\\SubstituteBindings.php(50): Illuminate\\Pipeline\\Pipeline->Illuminate\\Pipeline\\{closure}(Object(Illuminate\\Http\\Request))
#20 C:\\Users\\USER\\Downloads\\web-positron-main\\web-positron-main\\vendor\\laravel\\framework\\src\\Illuminate\\Pipeline\\Pipeline.php(208): Illuminate\\Routing\\Middleware\\SubstituteBindings->handle(Object(Illuminate\\Http\\Request), Object(Closure))
#21 C:\\Users\\USER\\Downloads\\web-positron-main\\web-positron-main\\vendor\\laravel\\framework\\src\\Illuminate\\Foundation\\Http\\Middleware\\VerifyCsrfToken.php(87): Illuminate\\Pipeline\\Pipeline->Illuminate\\Pipeline\\{closure}(Object(Illuminate\\Http\\Request))
#22 C:\\Users\\USER\\Downloads\\web-positron-main\\web-positron-main\\vendor\\laravel\\framework\\src\\Illuminate\\Pipeline\\Pipeline.php(208): Illuminate\\Foundation\\Http\\Middleware\\VerifyCsrfToken->handle(Object(Illuminate\\Http\\Request), Object(Closure))
#23 C:\\Users\\USER\\Downloads\\web-positron-main\\web-positron-main\\vendor\\laravel\\framework\\src\\Illuminate\\View\\Middleware\\ShareErrorsFromSession.php(48): Illuminate\\Pipeline\\Pipeline->Illuminate\\Pipeline\\{closure}(Object(Illuminate\\Http\\Request))
#24 C:\\Users\\USER\\Downloads\\web-positron-main\\web-positron-main\\vendor\\laravel\\framework\\src\\Illuminate\\Pipeline\\Pipeline.php(208): Illuminate\\View\\Middleware\\ShareErrorsFromSession->handle(Object(Illuminate\\Http\\Request), Object(Closure))
#25 C:\\Users\\USER\\Downloads\\web-positron-main\\web-positron-main\\vendor\\laravel\\framework\\src\\Illuminate\\Session\\Middleware\\StartSession.php(120): Illuminate\\Pipeline\\Pipeline->Illuminate\\Pipeline\\{closure}(Object(Illuminate\\Http\\Request))
#26 C:\\Users\\USER\\Downloads\\web-positron-main\\web-positron-main\\vendor\\laravel\\framework\\src\\Illuminate\\Session\\Middleware\\StartSession.php(63): Illuminate\\Session\\Middleware\\StartSession->handleStatefulRequest(Object(Illuminate\\Http\\Request), Object(Illuminate\\Session\\Store), Object(Closure))
#27 C:\\Users\\USER\\Downloads\\web-positron-main\\web-positron-main\\vendor\\laravel\\framework\\src\\Illuminate\\Pipeline\\Pipeline.php(208): Illuminate\\Session\\Middleware\\StartSession->handle(Object(Illuminate\\Http\\Request), Object(Closure))
#28 C:\\Users\\USER\\Downloads\\web-positron-main\\web-positron-main\\vendor\\laravel\\framework\\src\\Illuminate\\Cookie\\Middleware\\AddQueuedCookiesToResponse.php(36): Illuminate\\Pipeline\\Pipeline->Illuminate\\Pipeline\\{closure}(Object(Illuminate\\Http\\Request))
#29 C:\\Users\\USER\\Downloads\\web-positron-main\\web-positron-main\\vendor\\laravel\\framework\\src\\Illuminate\\Pipeline\\Pipeline.php(208): Illuminate\\Cookie\\Middleware\\AddQueuedCookiesToResponse->handle(Object(Illuminate\\Http\\Request), Object(Closure))
#30 C:\\Users\\USER\\Downloads\\web-positron-main\\web-positron-main\\vendor\\laravel\\framework\\src\\Illuminate\\Cookie\\Middleware\\EncryptCookies.php(74): Illuminate\\Pipeline\\Pipeline->Illuminate\\Pipeline\\{closure}(Object(Illuminate\\Http\\Request))
#31 C:\\Users\\USER\\Downloads\\web-positron-main\\web-positron-main\\vendor\\laravel\\framework\\src\\Illuminate\\Pipeline\\Pipeline.php(208): Illuminate\\Cookie\\Middleware\\EncryptCookies->handle(Object(Illuminate\\Http\\Request), Object(Closure))
#32 C:\\Users\\USER\\Downloads\\web-positron-main\\web-positron-main\\vendor\\laravel\\framework\\src\\Illuminate\\Pipeline\\Pipeline.php(126): Illuminate\\Pipeline\\Pipeline->Illuminate\\Pipeline\\{closure}(Object(Illuminate\\Http\\Request))
#33 C:\\Users\\USER\\Downloads\\web-positron-main\\web-positron-main\\vendor\\laravel\\framework\\src\\Illuminate\\Routing\\Router.php(807): Illuminate\\Pipeline\\Pipeline->then(Object(Closure))
#34 C:\\Users\\USER\\Downloads\\web-positron-main\\web-positron-main\\vendor\\laravel\\framework\\src\\Illuminate\\Routing\\Router.php(786): Illuminate\\Routing\\Router->runRouteWithinStack(Object(Illuminate\\Routing\\Route), Object(Illuminate\\Http\\Request))
#35 C:\\Users\\USER\\Downloads\\web-positron-main\\web-positron-main\\vendor\\laravel\\framework\\src\\Illuminate\\Routing\\Router.php(750): Illuminate\\Routing\\Router->runRoute(Object(Illuminate\\Http\\Request), Object(Illuminate\\Routing\\Route))
#36 C:\\Users\\USER\\Downloads\\web-positron-main\\web-positron-main\\vendor\\laravel\\framework\\src\\Illuminate\\Routing\\Router.php(739): Illuminate\\Routing\\Router->dispatchToRoute(Object(Illuminate\\Http\\Request))
#37 C:\\Users\\USER\\Downloads\\web-positron-main\\web-positron-main\\vendor\\laravel\\framework\\src\\Illuminate\\Foundation\\Http\\Kernel.php(200): Illuminate\\Routing\\Router->dispatch(Object(Illuminate\\Http\\Request))
#38 C:\\Users\\USER\\Downloads\\web-positron-main\\web-positron-main\\vendor\\laravel\\framework\\src\\Illuminate\\Pipeline\\Pipeline.php(169): Illuminate\\Foundation\\Http\\Kernel->Illuminate\\Foundation\\Http\\{closure}(Object(Illuminate\\Http\\Request))
#39 C:\\Users\\USER\\Downloads\\web-positron-main\\web-positron-main\\vendor\\laravel\\framework\\src\\Illuminate\\Foundation\\Http\\Middleware\\TransformsRequest.php(21): Illuminate\\Pipeline\\Pipeline->Illuminate\\Pipeline\\{closure}(Object(Illuminate\\Http\\Request))
#40 C:\\Users\\USER\\Downloads\\web-positron-main\\web-positron-main\\vendor\\laravel\\framework\\src\\Illuminate\\Foundation\\Http\\Middleware\\ConvertEmptyStringsToNull.php(31): Illuminate\\Foundation\\Http\\Middleware\\TransformsRequest->handle(Object(Illuminate\\Http\\Request), Object(Closure))
#41 C:\\Users\\USER\\Downloads\\web-positron-main\\web-positron-main\\vendor\\laravel\\framework\\src\\Illuminate\\Pipeline\\Pipeline.php(208): Illuminate\\Foundation\\Http\\Middleware\\ConvertEmptyStringsToNull->handle(Object(Illuminate\\Http\\Request), Object(Closure))
#42 C:\\Users\\USER\\Downloads\\web-positron-main\\web-positron-main\\vendor\\laravel\\framework\\src\\Illuminate\\Foundation\\Http\\Middleware\\TransformsRequest.php(21): Illuminate\\Pipeline\\Pipeline->Illuminate\\Pipeline\\{closure}(Object(Illuminate\\Http\\Request))
#43 C:\\Users\\USER\\Downloads\\web-positron-main\\web-positron-main\\vendor\\laravel\\framework\\src\\Illuminate\\Foundation\\Http\\Middleware\\TrimStrings.php(51): Illuminate\\Foundation\\Http\\Middleware\\TransformsRequest->handle(Object(Illuminate\\Http\\Request), Object(Closure))
#44 C:\\Users\\USER\\Downloads\\web-positron-main\\web-positron-main\\vendor\\laravel\\framework\\src\\Illuminate\\Pipeline\\Pipeline.php(208): Illuminate\\Foundation\\Http\\Middleware\\TrimStrings->handle(Object(Illuminate\\Http\\Request), Object(Closure))
#45 C:\\Users\\USER\\Downloads\\web-positron-main\\web-positron-main\\vendor\\laravel\\framework\\src\\Illuminate\\Http\\Middleware\\ValidatePostSize.php(27): Illuminate\\Pipeline\\Pipeline->Illuminate\\Pipeline\\{closure}(Object(Illuminate\\Http\\Request))
#46 C:\\Users\\USER\\Downloads\\web-positron-main\\web-positron-main\\vendor\\laravel\\framework\\src\\Illuminate\\Pipeline\\Pipeline.php(208): Illuminate\\Http\\Middleware\\ValidatePostSize->handle(Object(Illuminate\\Http\\Request), Object(Closure))
#47 C:\\Users\\USER\\Downloads\\web-positron-main\\web-positron-main\\vendor\\laravel\\framework\\src\\Illuminate\\Foundation\\Http\\Middleware\\PreventRequestsDuringMaintenance.php(109): Illuminate\\Pipeline\\Pipeline->Illuminate\\Pipeline\\{closure}(Object(Illuminate\\Http\\Request))
#48 C:\\Users\\USER\\Downloads\\web-positron-main\\web-positron-main\\vendor\\laravel\\framework\\src\\Illuminate\\Pipeline\\Pipeline.php(208): Illuminate\\Foundation\\Http\\Middleware\\PreventRequestsDuringMaintenance->handle(Object(Illuminate\\Http\\Request), Object(Closure))
#49 C:\\Users\\USER\\Downloads\\web-positron-main\\web-positron-main\\vendor\\laravel\\framework\\src\\Illuminate\\Http\\Middleware\\HandleCors.php(48): Illuminate\\Pipeline\\Pipeline->Illuminate\\Pipeline\\{closure}(Object(Illuminate\\Http\\Request))
#50 C:\\Users\\USER\\Downloads\\web-positron-main\\web-positron-main\\vendor\\laravel\\framework\\src\\Illuminate\\Pipeline\\Pipeline.php(208): Illuminate\\Http\\Middleware\\HandleCors->handle(Object(Illuminate\\Http\\Request), Object(Closure))
#51 C:\\Users\\USER\\Downloads\\web-positron-main\\web-positron-main\\vendor\\laravel\\framework\\src\\Illuminate\\Http\\Middleware\\TrustProxies.php(58): Illuminate\\Pipeline\\Pipeline->Illuminate\\Pipeline\\{closure}(Object(Illuminate\\Http\\Request))
#52 C:\\Users\\USER\\Downloads\\web-positron-main\\web-positron-main\\vendor\\laravel\\framework\\src\\Illuminate\\Pipeline\\Pipeline.php(208): Illuminate\\Http\\Middleware\\TrustProxies->handle(Object(Illuminate\\Http\\Request), Object(Closure))
#53 C:\\Users\\USER\\Downloads\\web-positron-main\\web-positron-main\\vendor\\laravel\\framework\\src\\Illuminate\\Foundation\\Http\\Middleware\\InvokeDeferredCallbacks.php(22): Illuminate\\Pipeline\\Pipeline->Illuminate\\Pipeline\\{closure}(Object(Illuminate\\Http\\Request))
#54 C:\\Users\\USER\\Downloads\\web-positron-main\\web-positron-main\\vendor\\laravel\\framework\\src\\Illuminate\\Pipeline\\Pipeline.php(208): Illuminate\\Foundation\\Http\\Middleware\\InvokeDeferredCallbacks->handle(Object(Illuminate\\Http\\Request), Object(Closure))
#55 C:\\Users\\USER\\Downloads\\web-positron-main\\web-positron-main\\vendor\\laravel\\framework\\src\\Illuminate\\Http\\Middleware\\ValidatePathEncoding.php(26): Illuminate\\Pipeline\\Pipeline->Illuminate\\Pipeline\\{closure}(Object(Illuminate\\Http\\Request))
#56 C:\\Users\\USER\\Downloads\\web-positron-main\\web-positron-main\\vendor\\laravel\\framework\\src\\Illuminate\\Pipeline\\Pipeline.php(208): Illuminate\\Http\\Middleware\\ValidatePathEncoding->handle(Object(Illuminate\\Http\\Request), Object(Closure))
#57 C:\\Users\\USER\\Downloads\\web-positron-main\\web-positron-main\\vendor\\laravel\\framework\\src\\Illuminate\\Pipeline\\Pipeline.php(126): Illuminate\\Pipeline\\Pipeline->Illuminate\\Pipeline\\{closure}(Object(Illuminate\\Http\\Request))
#58 C:\\Users\\USER\\Downloads\\web-positron-main\\web-positron-main\\vendor\\laravel\\framework\\src\\Illuminate\\Foundation\\Http\\Kernel.php(175): Illuminate\\Pipeline\\Pipeline->then(Object(Closure))
#59 C:\\Users\\USER\\Downloads\\web-positron-main\\web-positron-main\\vendor\\laravel\\framework\\src\\Illuminate\\Foundation\\Http\\Kernel.php(144): Illuminate\\Foundation\\Http\\Kernel->sendRequestThroughRouter(Object(Illuminate\\Http\\Request))
#60 C:\\Users\\USER\\Downloads\\web-positron-main\\web-positron-main\\vendor\\laravel\\framework\\src\\Illuminate\\Foundation\\Application.php(1219): Illuminate\\Foundation\\Http\\Kernel->handle(Object(Illuminate\\Http\\Request))
#61 C:\\Users\\USER\\Downloads\\web-positron-main\\web-positron-main\\public\\index.php(20): Illuminate\\Foundation\\Application->handleRequest(Object(Illuminate\\Http\\Request))
#62 C:\\Users\\USER\\Downloads\\web-positron-main\\web-positron-main\\vendor\\laravel\\framework\\src\\Illuminate\\Foundation\\resources\\server.php(23): require_once('C:\\\\Users\\\\USER\\\\D...')
#63 {main}

[previous exception] [object] (ParseError(code: 0): syntax error, unexpected identifier \"html\", expecting \")\" at C:\\Users\\USER\\Downloads\\web-positron-main\\web-positron-main\\storage\\framework\\views\\0be05a65c681198d9addef58f6797f69.php:270)
[stacktrace]
#0 C:\\Users\\USER\\Downloads\\web-positron-main\\web-positron-main\\vendor\\laravel\\framework\\src\\Illuminate\\Filesystem\\Filesystem.php(124): Illuminate\\Filesystem\\Filesystem::Illuminate\\Filesystem\\{closure}()
#1 C:\\Users\\USER\\Downloads\\web-positron-main\\web-positron-main\\vendor\\laravel\\framework\\src\\Illuminate\\View\\Engines\\PhpEngine.php(57): Illuminate\\Filesystem\\Filesystem->getRequire('C:\\\\Users\\\\USER\\\\D...', Array)
#2 C:\\Users\\USER\\Downloads\\web-positron-main\\web-positron-main\\vendor\\laravel\\framework\\src\\Illuminate\\View\\Engines\\CompilerEngine.php(74): Illuminate\\View\\Engines\\PhpEngine->evaluatePath('C:\\\\Users\\\\USER\\\\D...', Array)
#3 C:\\Users\\USER\\Downloads\\web-positron-main\\web-positron-main\\vendor\\laravel\\framework\\src\\Illuminate\\View\\View.php(208): Illuminate\\View\\Engines\\CompilerEngine->get('C:\\\\Users\\\\USER\\\\D...', Array)
#4 C:\\Users\\USER\\Downloads\\web-positron-main\\web-positron-main\\vendor\\laravel\\framework\\src\\Illuminate\\View\\View.php(191): Illuminate\\View\\View->getContents()
#5 C:\\Users\\USER\\Downloads\\web-positron-main\\web-positron-main\\vendor\\laravel\\framework\\src\\Illuminate\\View\\View.php(160): Illuminate\\View\\View->renderContents()
#6 C:\\Users\\USER\\Downloads\\web-positron-main\\web-positron-main\\storage\\framework\\views\\d8a12e096c8050ca493bbaeecc3e50f4.php(682): Illuminate\\View\\View->render()
#7 C:\\Users\\USER\\Downloads\\web-positron-main\\web-positron-main\\vendor\\laravel\\framework\\src\\Illuminate\\Filesystem\\Filesystem.php(123): require('C:\\\\Users\\\\USER\\\\D...')
#8 C:\\Users\\USER\\Downloads\\web-positron-main\\web-positron-main\\vendor\\laravel\\framework\\src\\Illuminate\\Filesystem\\Filesystem.php(124): Illuminate\\Filesystem\\Filesystem::Illuminate\\Filesystem\\{closure}()
#9 C:\\Users\\USER\\Downloads\\web-positron-main\\web-positron-main\\vendor\\laravel\\framework\\src\\Illuminate\\View\\Engines\\PhpEngine.php(57): Illuminate\\Filesystem\\Filesystem->getRequire('C:\\\\Users\\\\USER\\\\D...', Array)
#10 C:\\Users\\USER\\Downloads\\web-positron-main\\web-positron-main\\vendor\\laravel\\framework\\src\\Illuminate\\View\\Engines\\CompilerEngine.php(74): Illuminate\\View\\Engines\\PhpEngine->evaluatePath('C:\\\\Users\\\\USER\\\\D...', Array)
#11 C:\\Users\\USER\\Downloads\\web-positron-main\\web-positron-main\\vendor\\laravel\\framework\\src\\Illuminate\\View\\View.php(208): Illuminate\\View\\Engines\\CompilerEngine->get('C:\\\\Users\\\\USER\\\\D...', Array)
#12 C:\\Users\\USER\\Downloads\\web-positron-main\\web-positron-main\\vendor\\laravel\\framework\\src\\Illuminate\\View\\View.php(191): Illuminate\\View\\View->getContents()
#13 C:\\Users\\USER\\Downloads\\web-positron-main\\web-positron-main\\vendor\\laravel\\framework\\src\\Illuminate\\View\\View.php(160): Illuminate\\View\\View->renderContents()
#14 C:\\Users\\USER\\Downloads\\web-positron-main\\web-positron-main\\vendor\\laravel\\framework\\src\\Illuminate\\Http\\Response.php(78): Illuminate\\View\\View->render()
#15 C:\\Users\\USER\\Downloads\\web-positron-main\\web-positron-main\\vendor\\laravel\\framework\\src\\Illuminate\\Http\\Response.php(34): Illuminate\\Http\\Response->setContent(Object(Illuminate\\View\\View))
#16 C:\\Users\\USER\\Downloads\\web-positron-main\\web-positron-main\\vendor\\laravel\\framework\\src\\Illuminate\\Routing\\Router.php(924): Illuminate\\Http\\Response->__construct(Object(Illuminate\\View\\View), 200, Array)
#17 C:\\Users\\USER\\Downloads\\web-positron-main\\web-positron-main\\vendor\\laravel\\framework\\src\\Illuminate\\Routing\\Router.php(891): Illuminate\\Routing\\Router::toResponse(Object(Illuminate\\Http\\Request), Object(Illuminate\\View\\View))
#18 C:\\Users\\USER\\Downloads\\web-positron-main\\web-positron-main\\vendor\\laravel\\framework\\src\\Illuminate\\Routing\\Router.php(807): Illuminate\\Routing\\Router->prepareResponse(Object(Illuminate\\Http\\Request), Object(Illuminate\\View\\View))
#19 C:\\Users\\USER\\Downloads\\web-positron-main\\web-positron-main\\vendor\\laravel\\framework\\src\\Illuminate\\Pipeline\\Pipeline.php(169): Illuminate\\Routing\\Router->Illuminate\\Routing\\{closure}(Object(Illuminate\\Http\\Request))
#20 C:\\Users\\USER\\Downloads\\web-positron-main\\web-positron-main\\vendor\\laravel\\framework\\src\\Illuminate\\Routing\\Middleware\\SubstituteBindings.php(50): Illuminate\\Pipeline\\Pipeline->Illuminate\\Pipeline\\{closure}(Object(Illuminate\\Http\\Request))
#21 C:\\Users\\USER\\Downloads\\web-positron-main\\web-positron-main\\vendor\\laravel\\framework\\src\\Illuminate\\Pipeline\\Pipeline.php(208): Illuminate\\Routing\\Middleware\\SubstituteBindings->handle(Object(Illuminate\\Http\\Request), Object(Closure))
#22 C:\\Users\\USER\\Downloads\\web-positron-main\\web-positron-main\\vendor\\laravel\\framework\\src\\Illuminate\\Foundation\\Http\\Middleware\\VerifyCsrfToken.php(87): Illuminate\\Pipeline\\Pipeline->Illuminate\\Pipeline\\{closure}(Object(Illuminate\\Http\\Request))
#23 C:\\Users\\USER\\Downloads\\web-positron-main\\web-positron-main\\vendor\\laravel\\framework\\src\\Illuminate\\Pipeline\\Pipeline.php(208): Illuminate\\Foundation\\Http\\Middleware\\VerifyCsrfToken->handle(Object(Illuminate\\Http\\Request), Object(Closure))
#24 C:\\Users\\USER\\Downloads\\web-positron-main\\web-positron-main\\vendor\\laravel\\framework\\src\\Illuminate\\View\\Middleware\\ShareErrorsFromSession.php(48): Illuminate\\Pipeline\\Pipeline->Illuminate\\Pipeline\\{closure}(Object(Illuminate\\Http\\Request))
#25 C:\\Users\\USER\\Downloads\\web-positron-main\\web-positron-main\\vendor\\laravel\\framework\\src\\Illuminate\\Pipeline\\Pipeline.php(208): Illuminate\\View\\Middleware\\ShareErrorsFromSession->handle(Object(Illuminate\\Http\\Request), Object(Closure))
#26 C:\\Users\\USER\\Downloads\\web-positron-main\\web-positron-main\\vendor\\laravel\\framework\\src\\Illuminate\\Session\\Middleware\\StartSession.php(120): Illuminate\\Pipeline\\Pipeline->Illuminate\\Pipeline\\{closure}(Object(Illuminate\\Http\\Request))
#27 C:\\Users\\USER\\Downloads\\web-positron-main\\web-positron-main\\vendor\\laravel\\framework\\src\\Illuminate\\Session\\Middleware\\StartSession.php(63): Illuminate\\Session\\Middleware\\StartSession->handleStatefulRequest(Object(Illuminate\\Http\\Request), Object(Illuminate\\Session\\Store), Object(Closure))
#28 C:\\Users\\USER\\Downloads\\web-positron-main\\web-positron-main\\vendor\\laravel\\framework\\src\\Illuminate\\Pipeline\\Pipeline.php(208): Illuminate\\Session\\Middleware\\StartSession->handle(Object(Illuminate\\Http\\Request), Object(Closure))
#29 C:\\Users\\USER\\Downloads\\web-positron-main\\web-positron-main\\vendor\\laravel\\framework\\src\\Illuminate\\Cookie\\Middleware\\AddQueuedCookiesToResponse.php(36): Illuminate\\Pipeline\\Pipeline->Illuminate\\Pipeline\\{closure}(Object(Illuminate\\Http\\Request))
#30 C:\\Users\\USER\\Downloads\\web-positron-main\\web-positron-main\\vendor\\laravel\\framework\\src\\Illuminate\\Pipeline\\Pipeline.php(208): Illuminate\\Cookie\\Middleware\\AddQueuedCookiesToResponse->handle(Object(Illuminate\\Http\\Request), Object(Closure))
#31 C:\\Users\\USER\\Downloads\\web-positron-main\\web-positron-main\\vendor\\laravel\\framework\\src\\Illuminate\\Cookie\\Middleware\\EncryptCookies.php(74): Illuminate\\Pipeline\\Pipeline->Illuminate\\Pipeline\\{closure}(Object(Illuminate\\Http\\Request))
#32 C:\\Users\\USER\\Downloads\\web-positron-main\\web-positron-main\\vendor\\laravel\\framework\\src\\Illuminate\\Pipeline\\Pipeline.php(208): Illuminate\\Cookie\\Middleware\\EncryptCookies->handle(Object(Illuminate\\Http\\Request), Object(Closure))
#33 C:\\Users\\USER\\Downloads\\web-positron-main\\web-positron-main\\vendor\\laravel\\framework\\src\\Illuminate\\Pipeline\\Pipeline.php(126): Illuminate\\Pipeline\\Pipeline->Illuminate\\Pipeline\\{closure}(Object(Illuminate\\Http\\Request))
#34 C:\\Users\\USER\\Downloads\\web-positron-main\\web-positron-main\\vendor\\laravel\\framework\\src\\Illuminate\\Routing\\Router.php(807): Illuminate\\Pipeline\\Pipeline->then(Object(Closure))
#35 C:\\Users\\USER\\Downloads\\web-positron-main\\web-positron-main\\vendor\\laravel\\framework\\src\\Illuminate\\Routing\\Router.php(786): Illuminate\\Routing\\Router->runRouteWithinStack(Object(Illuminate\\Routing\\Route), Object(Illuminate\\Http\\Request))
#36 C:\\Users\\USER\\Downloads\\web-positron-main\\web-positron-main\\vendor\\laravel\\framework\\src\\Illuminate\\Routing\\Router.php(750): Illuminate\\Routing\\Router->runRoute(Object(Illuminate\\Http\\Request), Object(Illuminate\\Routing\\Route))
#37 C:\\Users\\USER\\Downloads\\web-positron-main\\web-positron-main\\vendor\\laravel\\framework\\src\\Illuminate\\Routing\\Router.php(739): Illuminate\\Routing\\Router->dispatchToRoute(Object(Illuminate\\Http\\Request))
#38 C:\\Users\\USER\\Downloads\\web-positron-main\\web-positron-main\\vendor\\laravel\\framework\\src\\Illuminate\\Foundation\\Http\\Kernel.php(200): Illuminate\\Routing\\Router->dispatch(Object(Illuminate\\Http\\Request))
#39 C:\\Users\\USER\\Downloads\\web-positron-main\\web-positron-main\\vendor\\laravel\\framework\\src\\Illuminate\\Pipeline\\Pipeline.php(169): Illuminate\\Foundation\\Http\\Kernel->Illuminate\\Foundation\\Http\\{closure}(Object(Illuminate\\Http\\Request))
#40 C:\\Users\\USER\\Downloads\\web-positron-main\\web-positron-main\\vendor\\laravel\\framework\\src\\Illuminate\\Foundation\\Http\\Middleware\\TransformsRequest.php(21): Illuminate\\Pipeline\\Pipeline->Illuminate\\Pipeline\\{closure}(Object(Illuminate\\Http\\Request))
#41 C:\\Users\\USER\\Downloads\\web-positron-main\\web-positron-main\\vendor\\laravel\\framework\\src\\Illuminate\\Foundation\\Http\\Middleware\\ConvertEmptyStringsToNull.php(31): Illuminate\\Foundation\\Http\\Middleware\\TransformsRequest->handle(Object(Illuminate\\Http\\Request), Object(Closure))
#42 C:\\Users\\USER\\Downloads\\web-positron-main\\web-positron-main\\vendor\\laravel\\framework\\src\\Illuminate\\Pipeline\\Pipeline.php(208): Illuminate\\Foundation\\Http\\Middleware\\ConvertEmptyStringsToNull->handle(Object(Illuminate\\Http\\Request), Object(Closure))
#43 C:\\Users\\USER\\Downloads\\web-positron-main\\web-positron-main\\vendor\\laravel\\framework\\src\\Illuminate\\Foundation\\Http\\Middleware\\TransformsRequest.php(21): Illuminate\\Pipeline\\Pipeline->Illuminate\\Pipeline\\{closure}(Object(Illuminate\\Http\\Request))
#44 C:\\Users\\USER\\Downloads\\web-positron-main\\web-positron-main\\vendor\\laravel\\framework\\src\\Illuminate\\Foundation\\Http\\Middleware\\TrimStrings.php(51): Illuminate\\Foundation\\Http\\Middleware\\TransformsRequest->handle(Object(Illuminate\\Http\\Request), Object(Closure))
#45 C:\\Users\\USER\\Downloads\\web-positron-main\\web-positron-main\\vendor\\laravel\\framework\\src\\Illuminate\\Pipeline\\Pipeline.php(208): Illuminate\\Foundation\\Http\\Middleware\\TrimStrings->handle(Object(Illuminate\\Http\\Request), Object(Closure))
#46 C:\\Users\\USER\\Downloads\\web-positron-main\\web-positron-main\\vendor\\laravel\\framework\\src\\Illuminate\\Http\\Middleware\\ValidatePostSize.php(27): Illuminate\\Pipeline\\Pipeline->Illuminate\\Pipeline\\{closure}(Object(Illuminate\\Http\\Request))
#47 C:\\Users\\USER\\Downloads\\web-positron-main\\web-positron-main\\vendor\\laravel\\framework\\src\\Illuminate\\Pipeline\\Pipeline.php(208): Illuminate\\Http\\Middleware\\ValidatePostSize->handle(Object(Illuminate\\Http\\Request), Object(Closure))
#48 C:\\Users\\USER\\Downloads\\web-positron-main\\web-positron-main\\vendor\\laravel\\framework\\src\\Illuminate\\Foundation\\Http\\Middleware\\PreventRequestsDuringMaintenance.php(109): Illuminate\\Pipeline\\Pipeline->Illuminate\\Pipeline\\{closure}(Object(Illuminate\\Http\\Request))
#49 C:\\Users\\USER\\Downloads\\web-positron-main\\web-positron-main\\vendor\\laravel\\framework\\src\\Illuminate\\Pipeline\\Pipeline.php(208): Illuminate\\Foundation\\Http\\Middleware\\PreventRequestsDuringMaintenance->handle(Object(Illuminate\\Http\\Request), Object(Closure))
#50 C:\\Users\\USER\\Downloads\\web-positron-main\\web-positron-main\\vendor\\laravel\\framework\\src\\Illuminate\\Http\\Middleware\\HandleCors.php(48): Illuminate\\Pipeline\\Pipeline->Illuminate\\Pipeline\\{closure}(Object(Illuminate\\Http\\Request))
#51 C:\\Users\\USER\\Downloads\\web-positron-main\\web-positron-main\\vendor\\laravel\\framework\\src\\Illuminate\\Pipeline\\Pipeline.php(208): Illuminate\\Http\\Middleware\\HandleCors->handle(Object(Illuminate\\Http\\Request), Object(Closure))
#52 C:\\Users\\USER\\Downloads\\web-positron-main\\web-positron-main\\vendor\\laravel\\framework\\src\\Illuminate\\Http\\Middleware\\TrustProxies.php(58): Illuminate\\Pipeline\\Pipeline->Illuminate\\Pipeline\\{closure}(Object(Illuminate\\Http\\Request))
#53 C:\\Users\\USER\\Downloads\\web-positron-main\\web-positron-main\\vendor\\laravel\\framework\\src\\Illuminate\\Pipeline\\Pipeline.php(208): Illuminate\\Http\\Middleware\\TrustProxies->handle(Object(Illuminate\\Http\\Request), Object(Closure))
#54 C:\\Users\\USER\\Downloads\\web-positron-main\\web-positron-main\\vendor\\laravel\\framework\\src\\Illuminate\\Foundation\\Http\\Middleware\\InvokeDeferredCallbacks.php(22): Illuminate\\Pipeline\\Pipeline->Illuminate\\Pipeline\\{closure}(Object(Illuminate\\Http\\Request))
#55 C:\\Users\\USER\\Downloads\\web-positron-main\\web-positron-main\\vendor\\laravel\\framework\\src\\Illuminate\\Pipeline\\Pipeline.php(208): Illuminate\\Foundation\\Http\\Middleware\\InvokeDeferredCallbacks->handle(Object(Illuminate\\Http\\Request), Object(Closure))
#56 C:\\Users\\USER\\Downloads\\web-positron-main\\web-positron-main\\vendor\\laravel\\framework\\src\\Illuminate\\Http\\Middleware\\ValidatePathEncoding.php(26): Illuminate\\Pipeline\\Pipeline->Illuminate\\Pipeline\\{closure}(Object(Illuminate\\Http\\Request))
#57 C:\\Users\\USER\\Downloads\\web-positron-main\\web-positron-main\\vendor\\laravel\\framework\\src\\Illuminate\\Pipeline\\Pipeline.php(208): Illuminate\\Http\\Middleware\\ValidatePathEncoding->handle(Object(Illuminate\\Http\\Request), Object(Closure))
#58 C:\\Users\\USER\\Downloads\\web-positron-main\\web-positron-main\\vendor\\laravel\\framework\\src\\Illuminate\\Pipeline\\Pipeline.php(126): Illuminate\\Pipeline\\Pipeline->Illuminate\\Pipeline\\{closure}(Object(Illuminate\\Http\\Request))
#59 C:\\Users\\USER\\Downloads\\web-positron-main\\web-positron-main\\vendor\\laravel\\framework\\src\\Illuminate\\Foundation\\Http\\Kernel.php(175): Illuminate\\Pipeline\\Pipeline->then(Object(Closure))
#60 C:\\Users\\USER\\Downloads\\web-positron-main\\web-positron-main\\vendor\\laravel\\framework\\src\\Illuminate\\Foundation\\Http\\Kernel.php(144): Illuminate\\Foundation\\Http\\Kernel->sendRequestThroughRouter(Object(Illuminate\\Http\\Request))
#61 C:\\Users\\USER\\Downloads\\web-positron-main\\web-positron-main\\vendor\\laravel\\framework\\src\\Illuminate\\Foundation\\Application.php(1219): Illuminate\\Foundation\\Http\\Kernel->handle(Object(Illuminate\\Http\\Request))
#62 C:\\Users\\USER\\Downloads\\web-positron-main\\web-positron-main\\public\\index.php(20): Illuminate\\Foundation\\Application->handleRequest(Object(Illuminate\\Http\\Request))
#63 C:\\Users\\USER\\Downloads\\web-positron-main\\web-positron-main\\vendor\\laravel\\framework\\src\\Illuminate\\Foundation\\resources\\server.php(23): require_once('C:\\\\Users\\\\USER\\\\D...')
#64 {main}
"} 
[2025-07-07 22:49:11] local.ERROR: View [apps.js] not found. (View: C:\Users\USER\Downloads\web-positron-main\web-positron-main\resources\views\layouts\app.blade.php) (View: C:\Users\USER\Downloads\web-positron-main\web-positron-main\resources\views\layouts\app.blade.php) {"exception":"[object] (Illuminate\\View\\ViewException(code: 0): View [apps.js] not found. (View: C:\\Users\\USER\\Downloads\\web-positron-main\\web-positron-main\\resources\\views\\layouts\\app.blade.php) (View: C:\\Users\\USER\\Downloads\\web-positron-main\\web-positron-main\\resources\\views\\layouts\\app.blade.php) at C:\\Users\\USER\\Downloads\\web-positron-main\\web-positron-main\\vendor\\laravel\\framework\\src\\Illuminate\\View\\FileViewFinder.php:138)
[stacktrace]
#0 C:\\Users\\USER\\Downloads\\web-positron-main\\web-positron-main\\vendor\\laravel\\framework\\src\\Illuminate\\View\\Engines\\PhpEngine.php(59): Illuminate\\View\\Engines\\CompilerEngine->handleViewException(Object(Illuminate\\View\\ViewException), 1)
#1 C:\\Users\\USER\\Downloads\\web-positron-main\\web-positron-main\\vendor\\laravel\\framework\\src\\Illuminate\\View\\Engines\\CompilerEngine.php(74): Illuminate\\View\\Engines\\PhpEngine->evaluatePath('C:\\\\Users\\\\USER\\\\D...', Array)
#2 C:\\Users\\USER\\Downloads\\web-positron-main\\web-positron-main\\vendor\\laravel\\framework\\src\\Illuminate\\View\\View.php(208): Illuminate\\View\\Engines\\CompilerEngine->get('C:\\\\Users\\\\USER\\\\D...', Array)
#3 C:\\Users\\USER\\Downloads\\web-positron-main\\web-positron-main\\vendor\\laravel\\framework\\src\\Illuminate\\View\\View.php(191): Illuminate\\View\\View->getContents()
#4 C:\\Users\\USER\\Downloads\\web-positron-main\\web-positron-main\\vendor\\laravel\\framework\\src\\Illuminate\\View\\View.php(160): Illuminate\\View\\View->renderContents()
#5 C:\\Users\\USER\\Downloads\\web-positron-main\\web-positron-main\\vendor\\laravel\\framework\\src\\Illuminate\\Http\\Response.php(78): Illuminate\\View\\View->render()
#6 C:\\Users\\USER\\Downloads\\web-positron-main\\web-positron-main\\vendor\\laravel\\framework\\src\\Illuminate\\Http\\Response.php(34): Illuminate\\Http\\Response->setContent(Object(Illuminate\\View\\View))
#7 C:\\Users\\USER\\Downloads\\web-positron-main\\web-positron-main\\vendor\\laravel\\framework\\src\\Illuminate\\Routing\\Router.php(924): Illuminate\\Http\\Response->__construct(Object(Illuminate\\View\\View), 200, Array)
#8 C:\\Users\\USER\\Downloads\\web-positron-main\\web-positron-main\\vendor\\laravel\\framework\\src\\Illuminate\\Routing\\Router.php(891): Illuminate\\Routing\\Router::toResponse(Object(Illuminate\\Http\\Request), Object(Illuminate\\View\\View))
#9 C:\\Users\\USER\\Downloads\\web-positron-main\\web-positron-main\\vendor\\laravel\\framework\\src\\Illuminate\\Routing\\Router.php(807): Illuminate\\Routing\\Router->prepareResponse(Object(Illuminate\\Http\\Request), Object(Illuminate\\View\\View))
#10 C:\\Users\\USER\\Downloads\\web-positron-main\\web-positron-main\\vendor\\laravel\\framework\\src\\Illuminate\\Pipeline\\Pipeline.php(169): Illuminate\\Routing\\Router->Illuminate\\Routing\\{closure}(Object(Illuminate\\Http\\Request))
#11 C:\\Users\\USER\\Downloads\\web-positron-main\\web-positron-main\\vendor\\laravel\\framework\\src\\Illuminate\\Routing\\Middleware\\SubstituteBindings.php(50): Illuminate\\Pipeline\\Pipeline->Illuminate\\Pipeline\\{closure}(Object(Illuminate\\Http\\Request))
#12 C:\\Users\\USER\\Downloads\\web-positron-main\\web-positron-main\\vendor\\laravel\\framework\\src\\Illuminate\\Pipeline\\Pipeline.php(208): Illuminate\\Routing\\Middleware\\SubstituteBindings->handle(Object(Illuminate\\Http\\Request), Object(Closure))
#13 C:\\Users\\USER\\Downloads\\web-positron-main\\web-positron-main\\vendor\\laravel\\framework\\src\\Illuminate\\Foundation\\Http\\Middleware\\VerifyCsrfToken.php(87): Illuminate\\Pipeline\\Pipeline->Illuminate\\Pipeline\\{closure}(Object(Illuminate\\Http\\Request))
#14 C:\\Users\\USER\\Downloads\\web-positron-main\\web-positron-main\\vendor\\laravel\\framework\\src\\Illuminate\\Pipeline\\Pipeline.php(208): Illuminate\\Foundation\\Http\\Middleware\\VerifyCsrfToken->handle(Object(Illuminate\\Http\\Request), Object(Closure))
#15 C:\\Users\\USER\\Downloads\\web-positron-main\\web-positron-main\\vendor\\laravel\\framework\\src\\Illuminate\\View\\Middleware\\ShareErrorsFromSession.php(48): Illuminate\\Pipeline\\Pipeline->Illuminate\\Pipeline\\{closure}(Object(Illuminate\\Http\\Request))
#16 C:\\Users\\USER\\Downloads\\web-positron-main\\web-positron-main\\vendor\\laravel\\framework\\src\\Illuminate\\Pipeline\\Pipeline.php(208): Illuminate\\View\\Middleware\\ShareErrorsFromSession->handle(Object(Illuminate\\Http\\Request), Object(Closure))
#17 C:\\Users\\USER\\Downloads\\web-positron-main\\web-positron-main\\vendor\\laravel\\framework\\src\\Illuminate\\Session\\Middleware\\StartSession.php(120): Illuminate\\Pipeline\\Pipeline->Illuminate\\Pipeline\\{closure}(Object(Illuminate\\Http\\Request))
#18 C:\\Users\\USER\\Downloads\\web-positron-main\\web-positron-main\\vendor\\laravel\\framework\\src\\Illuminate\\Session\\Middleware\\StartSession.php(63): Illuminate\\Session\\Middleware\\StartSession->handleStatefulRequest(Object(Illuminate\\Http\\Request), Object(Illuminate\\Session\\Store), Object(Closure))
#19 C:\\Users\\USER\\Downloads\\web-positron-main\\web-positron-main\\vendor\\laravel\\framework\\src\\Illuminate\\Pipeline\\Pipeline.php(208): Illuminate\\Session\\Middleware\\StartSession->handle(Object(Illuminate\\Http\\Request), Object(Closure))
#20 C:\\Users\\USER\\Downloads\\web-positron-main\\web-positron-main\\vendor\\laravel\\framework\\src\\Illuminate\\Cookie\\Middleware\\AddQueuedCookiesToResponse.php(36): Illuminate\\Pipeline\\Pipeline->Illuminate\\Pipeline\\{closure}(Object(Illuminate\\Http\\Request))
#21 C:\\Users\\USER\\Downloads\\web-positron-main\\web-positron-main\\vendor\\laravel\\framework\\src\\Illuminate\\Pipeline\\Pipeline.php(208): Illuminate\\Cookie\\Middleware\\AddQueuedCookiesToResponse->handle(Object(Illuminate\\Http\\Request), Object(Closure))
#22 C:\\Users\\USER\\Downloads\\web-positron-main\\web-positron-main\\vendor\\laravel\\framework\\src\\Illuminate\\Cookie\\Middleware\\EncryptCookies.php(74): Illuminate\\Pipeline\\Pipeline->Illuminate\\Pipeline\\{closure}(Object(Illuminate\\Http\\Request))
#23 C:\\Users\\USER\\Downloads\\web-positron-main\\web-positron-main\\vendor\\laravel\\framework\\src\\Illuminate\\Pipeline\\Pipeline.php(208): Illuminate\\Cookie\\Middleware\\EncryptCookies->handle(Object(Illuminate\\Http\\Request), Object(Closure))
#24 C:\\Users\\USER\\Downloads\\web-positron-main\\web-positron-main\\vendor\\laravel\\framework\\src\\Illuminate\\Pipeline\\Pipeline.php(126): Illuminate\\Pipeline\\Pipeline->Illuminate\\Pipeline\\{closure}(Object(Illuminate\\Http\\Request))
#25 C:\\Users\\USER\\Downloads\\web-positron-main\\web-positron-main\\vendor\\laravel\\framework\\src\\Illuminate\\Routing\\Router.php(807): Illuminate\\Pipeline\\Pipeline->then(Object(Closure))
#26 C:\\Users\\USER\\Downloads\\web-positron-main\\web-positron-main\\vendor\\laravel\\framework\\src\\Illuminate\\Routing\\Router.php(786): Illuminate\\Routing\\Router->runRouteWithinStack(Object(Illuminate\\Routing\\Route), Object(Illuminate\\Http\\Request))
#27 C:\\Users\\USER\\Downloads\\web-positron-main\\web-positron-main\\vendor\\laravel\\framework\\src\\Illuminate\\Routing\\Router.php(750): Illuminate\\Routing\\Router->runRoute(Object(Illuminate\\Http\\Request), Object(Illuminate\\Routing\\Route))
#28 C:\\Users\\USER\\Downloads\\web-positron-main\\web-positron-main\\vendor\\laravel\\framework\\src\\Illuminate\\Routing\\Router.php(739): Illuminate\\Routing\\Router->dispatchToRoute(Object(Illuminate\\Http\\Request))
#29 C:\\Users\\USER\\Downloads\\web-positron-main\\web-positron-main\\vendor\\laravel\\framework\\src\\Illuminate\\Foundation\\Http\\Kernel.php(200): Illuminate\\Routing\\Router->dispatch(Object(Illuminate\\Http\\Request))
#30 C:\\Users\\USER\\Downloads\\web-positron-main\\web-positron-main\\vendor\\laravel\\framework\\src\\Illuminate\\Pipeline\\Pipeline.php(169): Illuminate\\Foundation\\Http\\Kernel->Illuminate\\Foundation\\Http\\{closure}(Object(Illuminate\\Http\\Request))
#31 C:\\Users\\USER\\Downloads\\web-positron-main\\web-positron-main\\vendor\\laravel\\framework\\src\\Illuminate\\Foundation\\Http\\Middleware\\TransformsRequest.php(21): Illuminate\\Pipeline\\Pipeline->Illuminate\\Pipeline\\{closure}(Object(Illuminate\\Http\\Request))
#32 C:\\Users\\USER\\Downloads\\web-positron-main\\web-positron-main\\vendor\\laravel\\framework\\src\\Illuminate\\Foundation\\Http\\Middleware\\ConvertEmptyStringsToNull.php(31): Illuminate\\Foundation\\Http\\Middleware\\TransformsRequest->handle(Object(Illuminate\\Http\\Request), Object(Closure))
#33 C:\\Users\\USER\\Downloads\\web-positron-main\\web-positron-main\\vendor\\laravel\\framework\\src\\Illuminate\\Pipeline\\Pipeline.php(208): Illuminate\\Foundation\\Http\\Middleware\\ConvertEmptyStringsToNull->handle(Object(Illuminate\\Http\\Request), Object(Closure))
#34 C:\\Users\\USER\\Downloads\\web-positron-main\\web-positron-main\\vendor\\laravel\\framework\\src\\Illuminate\\Foundation\\Http\\Middleware\\TransformsRequest.php(21): Illuminate\\Pipeline\\Pipeline->Illuminate\\Pipeline\\{closure}(Object(Illuminate\\Http\\Request))
#35 C:\\Users\\USER\\Downloads\\web-positron-main\\web-positron-main\\vendor\\laravel\\framework\\src\\Illuminate\\Foundation\\Http\\Middleware\\TrimStrings.php(51): Illuminate\\Foundation\\Http\\Middleware\\TransformsRequest->handle(Object(Illuminate\\Http\\Request), Object(Closure))
#36 C:\\Users\\USER\\Downloads\\web-positron-main\\web-positron-main\\vendor\\laravel\\framework\\src\\Illuminate\\Pipeline\\Pipeline.php(208): Illuminate\\Foundation\\Http\\Middleware\\TrimStrings->handle(Object(Illuminate\\Http\\Request), Object(Closure))
#37 C:\\Users\\USER\\Downloads\\web-positron-main\\web-positron-main\\vendor\\laravel\\framework\\src\\Illuminate\\Http\\Middleware\\ValidatePostSize.php(27): Illuminate\\Pipeline\\Pipeline->Illuminate\\Pipeline\\{closure}(Object(Illuminate\\Http\\Request))
#38 C:\\Users\\USER\\Downloads\\web-positron-main\\web-positron-main\\vendor\\laravel\\framework\\src\\Illuminate\\Pipeline\\Pipeline.php(208): Illuminate\\Http\\Middleware\\ValidatePostSize->handle(Object(Illuminate\\Http\\Request), Object(Closure))
#39 C:\\Users\\USER\\Downloads\\web-positron-main\\web-positron-main\\vendor\\laravel\\framework\\src\\Illuminate\\Foundation\\Http\\Middleware\\PreventRequestsDuringMaintenance.php(109): Illuminate\\Pipeline\\Pipeline->Illuminate\\Pipeline\\{closure}(Object(Illuminate\\Http\\Request))
#40 C:\\Users\\USER\\Downloads\\web-positron-main\\web-positron-main\\vendor\\laravel\\framework\\src\\Illuminate\\Pipeline\\Pipeline.php(208): Illuminate\\Foundation\\Http\\Middleware\\PreventRequestsDuringMaintenance->handle(Object(Illuminate\\Http\\Request), Object(Closure))
#41 C:\\Users\\USER\\Downloads\\web-positron-main\\web-positron-main\\vendor\\laravel\\framework\\src\\Illuminate\\Http\\Middleware\\HandleCors.php(48): Illuminate\\Pipeline\\Pipeline->Illuminate\\Pipeline\\{closure}(Object(Illuminate\\Http\\Request))
#42 C:\\Users\\USER\\Downloads\\web-positron-main\\web-positron-main\\vendor\\laravel\\framework\\src\\Illuminate\\Pipeline\\Pipeline.php(208): Illuminate\\Http\\Middleware\\HandleCors->handle(Object(Illuminate\\Http\\Request), Object(Closure))
#43 C:\\Users\\USER\\Downloads\\web-positron-main\\web-positron-main\\vendor\\laravel\\framework\\src\\Illuminate\\Http\\Middleware\\TrustProxies.php(58): Illuminate\\Pipeline\\Pipeline->Illuminate\\Pipeline\\{closure}(Object(Illuminate\\Http\\Request))
#44 C:\\Users\\USER\\Downloads\\web-positron-main\\web-positron-main\\vendor\\laravel\\framework\\src\\Illuminate\\Pipeline\\Pipeline.php(208): Illuminate\\Http\\Middleware\\TrustProxies->handle(Object(Illuminate\\Http\\Request), Object(Closure))
#45 C:\\Users\\USER\\Downloads\\web-positron-main\\web-positron-main\\vendor\\laravel\\framework\\src\\Illuminate\\Foundation\\Http\\Middleware\\InvokeDeferredCallbacks.php(22): Illuminate\\Pipeline\\Pipeline->Illuminate\\Pipeline\\{closure}(Object(Illuminate\\Http\\Request))
#46 C:\\Users\\USER\\Downloads\\web-positron-main\\web-positron-main\\vendor\\laravel\\framework\\src\\Illuminate\\Pipeline\\Pipeline.php(208): Illuminate\\Foundation\\Http\\Middleware\\InvokeDeferredCallbacks->handle(Object(Illuminate\\Http\\Request), Object(Closure))
#47 C:\\Users\\USER\\Downloads\\web-positron-main\\web-positron-main\\vendor\\laravel\\framework\\src\\Illuminate\\Http\\Middleware\\ValidatePathEncoding.php(26): Illuminate\\Pipeline\\Pipeline->Illuminate\\Pipeline\\{closure}(Object(Illuminate\\Http\\Request))
#48 C:\\Users\\USER\\Downloads\\web-positron-main\\web-positron-main\\vendor\\laravel\\framework\\src\\Illuminate\\Pipeline\\Pipeline.php(208): Illuminate\\Http\\Middleware\\ValidatePathEncoding->handle(Object(Illuminate\\Http\\Request), Object(Closure))
#49 C:\\Users\\USER\\Downloads\\web-positron-main\\web-positron-main\\vendor\\laravel\\framework\\src\\Illuminate\\Pipeline\\Pipeline.php(126): Illuminate\\Pipeline\\Pipeline->Illuminate\\Pipeline\\{closure}(Object(Illuminate\\Http\\Request))
#50 C:\\Users\\USER\\Downloads\\web-positron-main\\web-positron-main\\vendor\\laravel\\framework\\src\\Illuminate\\Foundation\\Http\\Kernel.php(175): Illuminate\\Pipeline\\Pipeline->then(Object(Closure))
#51 C:\\Users\\USER\\Downloads\\web-positron-main\\web-positron-main\\vendor\\laravel\\framework\\src\\Illuminate\\Foundation\\Http\\Kernel.php(144): Illuminate\\Foundation\\Http\\Kernel->sendRequestThroughRouter(Object(Illuminate\\Http\\Request))
#52 C:\\Users\\USER\\Downloads\\web-positron-main\\web-positron-main\\vendor\\laravel\\framework\\src\\Illuminate\\Foundation\\Application.php(1219): Illuminate\\Foundation\\Http\\Kernel->handle(Object(Illuminate\\Http\\Request))
#53 C:\\Users\\USER\\Downloads\\web-positron-main\\web-positron-main\\public\\index.php(20): Illuminate\\Foundation\\Application->handleRequest(Object(Illuminate\\Http\\Request))
#54 C:\\Users\\USER\\Downloads\\web-positron-main\\web-positron-main\\vendor\\laravel\\framework\\src\\Illuminate\\Foundation\\resources\\server.php(23): require_once('C:\\\\Users\\\\USER\\\\D...')
#55 {main}

[previous exception] [object] (Illuminate\\View\\ViewException(code: 0): View [apps.js] not found. (View: C:\\Users\\USER\\Downloads\\web-positron-main\\web-positron-main\\resources\\views\\layouts\\app.blade.php) at C:\\Users\\USER\\Downloads\\web-positron-main\\web-positron-main\\vendor\\laravel\\framework\\src\\Illuminate\\View\\FileViewFinder.php:138)
[stacktrace]
#0 C:\\Users\\USER\\Downloads\\web-positron-main\\web-positron-main\\vendor\\laravel\\framework\\src\\Illuminate\\View\\Engines\\PhpEngine.php(59): Illuminate\\View\\Engines\\CompilerEngine->handleViewException(Object(InvalidArgumentException), 2)
#1 C:\\Users\\USER\\Downloads\\web-positron-main\\web-positron-main\\vendor\\laravel\\framework\\src\\Illuminate\\View\\Engines\\CompilerEngine.php(74): Illuminate\\View\\Engines\\PhpEngine->evaluatePath('C:\\\\Users\\\\USER\\\\D...', Array)
#2 C:\\Users\\USER\\Downloads\\web-positron-main\\web-positron-main\\vendor\\laravel\\framework\\src\\Illuminate\\View\\View.php(208): Illuminate\\View\\Engines\\CompilerEngine->get('C:\\\\Users\\\\USER\\\\D...', Array)
#3 C:\\Users\\USER\\Downloads\\web-positron-main\\web-positron-main\\vendor\\laravel\\framework\\src\\Illuminate\\View\\View.php(191): Illuminate\\View\\View->getContents()
#4 C:\\Users\\USER\\Downloads\\web-positron-main\\web-positron-main\\vendor\\laravel\\framework\\src\\Illuminate\\View\\View.php(160): Illuminate\\View\\View->renderContents()
#5 C:\\Users\\USER\\Downloads\\web-positron-main\\web-positron-main\\storage\\framework\\views\\d8a12e096c8050ca493bbaeecc3e50f4.php(682): Illuminate\\View\\View->render()
#6 C:\\Users\\USER\\Downloads\\web-positron-main\\web-positron-main\\vendor\\laravel\\framework\\src\\Illuminate\\Filesystem\\Filesystem.php(123): require('C:\\\\Users\\\\USER\\\\D...')
#7 C:\\Users\\USER\\Downloads\\web-positron-main\\web-positron-main\\vendor\\laravel\\framework\\src\\Illuminate\\Filesystem\\Filesystem.php(124): Illuminate\\Filesystem\\Filesystem::Illuminate\\Filesystem\\{closure}()
#8 C:\\Users\\USER\\Downloads\\web-positron-main\\web-positron-main\\vendor\\laravel\\framework\\src\\Illuminate\\View\\Engines\\PhpEngine.php(57): Illuminate\\Filesystem\\Filesystem->getRequire('C:\\\\Users\\\\USER\\\\D...', Array)
#9 C:\\Users\\USER\\Downloads\\web-positron-main\\web-positron-main\\vendor\\laravel\\framework\\src\\Illuminate\\View\\Engines\\CompilerEngine.php(74): Illuminate\\View\\Engines\\PhpEngine->evaluatePath('C:\\\\Users\\\\USER\\\\D...', Array)
#10 C:\\Users\\USER\\Downloads\\web-positron-main\\web-positron-main\\vendor\\laravel\\framework\\src\\Illuminate\\View\\View.php(208): Illuminate\\View\\Engines\\CompilerEngine->get('C:\\\\Users\\\\USER\\\\D...', Array)
#11 C:\\Users\\USER\\Downloads\\web-positron-main\\web-positron-main\\vendor\\laravel\\framework\\src\\Illuminate\\View\\View.php(191): Illuminate\\View\\View->getContents()
#12 C:\\Users\\USER\\Downloads\\web-positron-main\\web-positron-main\\vendor\\laravel\\framework\\src\\Illuminate\\View\\View.php(160): Illuminate\\View\\View->renderContents()
#13 C:\\Users\\USER\\Downloads\\web-positron-main\\web-positron-main\\vendor\\laravel\\framework\\src\\Illuminate\\Http\\Response.php(78): Illuminate\\View\\View->render()
#14 C:\\Users\\USER\\Downloads\\web-positron-main\\web-positron-main\\vendor\\laravel\\framework\\src\\Illuminate\\Http\\Response.php(34): Illuminate\\Http\\Response->setContent(Object(Illuminate\\View\\View))
#15 C:\\Users\\USER\\Downloads\\web-positron-main\\web-positron-main\\vendor\\laravel\\framework\\src\\Illuminate\\Routing\\Router.php(924): Illuminate\\Http\\Response->__construct(Object(Illuminate\\View\\View), 200, Array)
#16 C:\\Users\\USER\\Downloads\\web-positron-main\\web-positron-main\\vendor\\laravel\\framework\\src\\Illuminate\\Routing\\Router.php(891): Illuminate\\Routing\\Router::toResponse(Object(Illuminate\\Http\\Request), Object(Illuminate\\View\\View))
#17 C:\\Users\\USER\\Downloads\\web-positron-main\\web-positron-main\\vendor\\laravel\\framework\\src\\Illuminate\\Routing\\Router.php(807): Illuminate\\Routing\\Router->prepareResponse(Object(Illuminate\\Http\\Request), Object(Illuminate\\View\\View))
#18 C:\\Users\\USER\\Downloads\\web-positron-main\\web-positron-main\\vendor\\laravel\\framework\\src\\Illuminate\\Pipeline\\Pipeline.php(169): Illuminate\\Routing\\Router->Illuminate\\Routing\\{closure}(Object(Illuminate\\Http\\Request))
#19 C:\\Users\\USER\\Downloads\\web-positron-main\\web-positron-main\\vendor\\laravel\\framework\\src\\Illuminate\\Routing\\Middleware\\SubstituteBindings.php(50): Illuminate\\Pipeline\\Pipeline->Illuminate\\Pipeline\\{closure}(Object(Illuminate\\Http\\Request))
#20 C:\\Users\\USER\\Downloads\\web-positron-main\\web-positron-main\\vendor\\laravel\\framework\\src\\Illuminate\\Pipeline\\Pipeline.php(208): Illuminate\\Routing\\Middleware\\SubstituteBindings->handle(Object(Illuminate\\Http\\Request), Object(Closure))
#21 C:\\Users\\USER\\Downloads\\web-positron-main\\web-positron-main\\vendor\\laravel\\framework\\src\\Illuminate\\Foundation\\Http\\Middleware\\VerifyCsrfToken.php(87): Illuminate\\Pipeline\\Pipeline->Illuminate\\Pipeline\\{closure}(Object(Illuminate\\Http\\Request))
#22 C:\\Users\\USER\\Downloads\\web-positron-main\\web-positron-main\\vendor\\laravel\\framework\\src\\Illuminate\\Pipeline\\Pipeline.php(208): Illuminate\\Foundation\\Http\\Middleware\\VerifyCsrfToken->handle(Object(Illuminate\\Http\\Request), Object(Closure))
#23 C:\\Users\\USER\\Downloads\\web-positron-main\\web-positron-main\\vendor\\laravel\\framework\\src\\Illuminate\\View\\Middleware\\ShareErrorsFromSession.php(48): Illuminate\\Pipeline\\Pipeline->Illuminate\\Pipeline\\{closure}(Object(Illuminate\\Http\\Request))
#24 C:\\Users\\USER\\Downloads\\web-positron-main\\web-positron-main\\vendor\\laravel\\framework\\src\\Illuminate\\Pipeline\\Pipeline.php(208): Illuminate\\View\\Middleware\\ShareErrorsFromSession->handle(Object(Illuminate\\Http\\Request), Object(Closure))
#25 C:\\Users\\USER\\Downloads\\web-positron-main\\web-positron-main\\vendor\\laravel\\framework\\src\\Illuminate\\Session\\Middleware\\StartSession.php(120): Illuminate\\Pipeline\\Pipeline->Illuminate\\Pipeline\\{closure}(Object(Illuminate\\Http\\Request))
#26 C:\\Users\\USER\\Downloads\\web-positron-main\\web-positron-main\\vendor\\laravel\\framework\\src\\Illuminate\\Session\\Middleware\\StartSession.php(63): Illuminate\\Session\\Middleware\\StartSession->handleStatefulRequest(Object(Illuminate\\Http\\Request), Object(Illuminate\\Session\\Store), Object(Closure))
#27 C:\\Users\\USER\\Downloads\\web-positron-main\\web-positron-main\\vendor\\laravel\\framework\\src\\Illuminate\\Pipeline\\Pipeline.php(208): Illuminate\\Session\\Middleware\\StartSession->handle(Object(Illuminate\\Http\\Request), Object(Closure))
#28 C:\\Users\\USER\\Downloads\\web-positron-main\\web-positron-main\\vendor\\laravel\\framework\\src\\Illuminate\\Cookie\\Middleware\\AddQueuedCookiesToResponse.php(36): Illuminate\\Pipeline\\Pipeline->Illuminate\\Pipeline\\{closure}(Object(Illuminate\\Http\\Request))
#29 C:\\Users\\USER\\Downloads\\web-positron-main\\web-positron-main\\vendor\\laravel\\framework\\src\\Illuminate\\Pipeline\\Pipeline.php(208): Illuminate\\Cookie\\Middleware\\AddQueuedCookiesToResponse->handle(Object(Illuminate\\Http\\Request), Object(Closure))
#30 C:\\Users\\USER\\Downloads\\web-positron-main\\web-positron-main\\vendor\\laravel\\framework\\src\\Illuminate\\Cookie\\Middleware\\EncryptCookies.php(74): Illuminate\\Pipeline\\Pipeline->Illuminate\\Pipeline\\{closure}(Object(Illuminate\\Http\\Request))
#31 C:\\Users\\USER\\Downloads\\web-positron-main\\web-positron-main\\vendor\\laravel\\framework\\src\\Illuminate\\Pipeline\\Pipeline.php(208): Illuminate\\Cookie\\Middleware\\EncryptCookies->handle(Object(Illuminate\\Http\\Request), Object(Closure))
#32 C:\\Users\\USER\\Downloads\\web-positron-main\\web-positron-main\\vendor\\laravel\\framework\\src\\Illuminate\\Pipeline\\Pipeline.php(126): Illuminate\\Pipeline\\Pipeline->Illuminate\\Pipeline\\{closure}(Object(Illuminate\\Http\\Request))
#33 C:\\Users\\USER\\Downloads\\web-positron-main\\web-positron-main\\vendor\\laravel\\framework\\src\\Illuminate\\Routing\\Router.php(807): Illuminate\\Pipeline\\Pipeline->then(Object(Closure))
#34 C:\\Users\\USER\\Downloads\\web-positron-main\\web-positron-main\\vendor\\laravel\\framework\\src\\Illuminate\\Routing\\Router.php(786): Illuminate\\Routing\\Router->runRouteWithinStack(Object(Illuminate\\Routing\\Route), Object(Illuminate\\Http\\Request))
#35 C:\\Users\\USER\\Downloads\\web-positron-main\\web-positron-main\\vendor\\laravel\\framework\\src\\Illuminate\\Routing\\Router.php(750): Illuminate\\Routing\\Router->runRoute(Object(Illuminate\\Http\\Request), Object(Illuminate\\Routing\\Route))
#36 C:\\Users\\USER\\Downloads\\web-positron-main\\web-positron-main\\vendor\\laravel\\framework\\src\\Illuminate\\Routing\\Router.php(739): Illuminate\\Routing\\Router->dispatchToRoute(Object(Illuminate\\Http\\Request))
#37 C:\\Users\\USER\\Downloads\\web-positron-main\\web-positron-main\\vendor\\laravel\\framework\\src\\Illuminate\\Foundation\\Http\\Kernel.php(200): Illuminate\\Routing\\Router->dispatch(Object(Illuminate\\Http\\Request))
#38 C:\\Users\\USER\\Downloads\\web-positron-main\\web-positron-main\\vendor\\laravel\\framework\\src\\Illuminate\\Pipeline\\Pipeline.php(169): Illuminate\\Foundation\\Http\\Kernel->Illuminate\\Foundation\\Http\\{closure}(Object(Illuminate\\Http\\Request))
#39 C:\\Users\\USER\\Downloads\\web-positron-main\\web-positron-main\\vendor\\laravel\\framework\\src\\Illuminate\\Foundation\\Http\\Middleware\\TransformsRequest.php(21): Illuminate\\Pipeline\\Pipeline->Illuminate\\Pipeline\\{closure}(Object(Illuminate\\Http\\Request))
#40 C:\\Users\\USER\\Downloads\\web-positron-main\\web-positron-main\\vendor\\laravel\\framework\\src\\Illuminate\\Foundation\\Http\\Middleware\\ConvertEmptyStringsToNull.php(31): Illuminate\\Foundation\\Http\\Middleware\\TransformsRequest->handle(Object(Illuminate\\Http\\Request), Object(Closure))
#41 C:\\Users\\USER\\Downloads\\web-positron-main\\web-positron-main\\vendor\\laravel\\framework\\src\\Illuminate\\Pipeline\\Pipeline.php(208): Illuminate\\Foundation\\Http\\Middleware\\ConvertEmptyStringsToNull->handle(Object(Illuminate\\Http\\Request), Object(Closure))
#42 C:\\Users\\USER\\Downloads\\web-positron-main\\web-positron-main\\vendor\\laravel\\framework\\src\\Illuminate\\Foundation\\Http\\Middleware\\TransformsRequest.php(21): Illuminate\\Pipeline\\Pipeline->Illuminate\\Pipeline\\{closure}(Object(Illuminate\\Http\\Request))
#43 C:\\Users\\USER\\Downloads\\web-positron-main\\web-positron-main\\vendor\\laravel\\framework\\src\\Illuminate\\Foundation\\Http\\Middleware\\TrimStrings.php(51): Illuminate\\Foundation\\Http\\Middleware\\TransformsRequest->handle(Object(Illuminate\\Http\\Request), Object(Closure))
#44 C:\\Users\\USER\\Downloads\\web-positron-main\\web-positron-main\\vendor\\laravel\\framework\\src\\Illuminate\\Pipeline\\Pipeline.php(208): Illuminate\\Foundation\\Http\\Middleware\\TrimStrings->handle(Object(Illuminate\\Http\\Request), Object(Closure))
#45 C:\\Users\\USER\\Downloads\\web-positron-main\\web-positron-main\\vendor\\laravel\\framework\\src\\Illuminate\\Http\\Middleware\\ValidatePostSize.php(27): Illuminate\\Pipeline\\Pipeline->Illuminate\\Pipeline\\{closure}(Object(Illuminate\\Http\\Request))
#46 C:\\Users\\USER\\Downloads\\web-positron-main\\web-positron-main\\vendor\\laravel\\framework\\src\\Illuminate\\Pipeline\\Pipeline.php(208): Illuminate\\Http\\Middleware\\ValidatePostSize->handle(Object(Illuminate\\Http\\Request), Object(Closure))
#47 C:\\Users\\USER\\Downloads\\web-positron-main\\web-positron-main\\vendor\\laravel\\framework\\src\\Illuminate\\Foundation\\Http\\Middleware\\PreventRequestsDuringMaintenance.php(109): Illuminate\\Pipeline\\Pipeline->Illuminate\\Pipeline\\{closure}(Object(Illuminate\\Http\\Request))
#48 C:\\Users\\USER\\Downloads\\web-positron-main\\web-positron-main\\vendor\\laravel\\framework\\src\\Illuminate\\Pipeline\\Pipeline.php(208): Illuminate\\Foundation\\Http\\Middleware\\PreventRequestsDuringMaintenance->handle(Object(Illuminate\\Http\\Request), Object(Closure))
#49 C:\\Users\\USER\\Downloads\\web-positron-main\\web-positron-main\\vendor\\laravel\\framework\\src\\Illuminate\\Http\\Middleware\\HandleCors.php(48): Illuminate\\Pipeline\\Pipeline->Illuminate\\Pipeline\\{closure}(Object(Illuminate\\Http\\Request))
#50 C:\\Users\\USER\\Downloads\\web-positron-main\\web-positron-main\\vendor\\laravel\\framework\\src\\Illuminate\\Pipeline\\Pipeline.php(208): Illuminate\\Http\\Middleware\\HandleCors->handle(Object(Illuminate\\Http\\Request), Object(Closure))
#51 C:\\Users\\USER\\Downloads\\web-positron-main\\web-positron-main\\vendor\\laravel\\framework\\src\\Illuminate\\Http\\Middleware\\TrustProxies.php(58): Illuminate\\Pipeline\\Pipeline->Illuminate\\Pipeline\\{closure}(Object(Illuminate\\Http\\Request))
#52 C:\\Users\\USER\\Downloads\\web-positron-main\\web-positron-main\\vendor\\laravel\\framework\\src\\Illuminate\\Pipeline\\Pipeline.php(208): Illuminate\\Http\\Middleware\\TrustProxies->handle(Object(Illuminate\\Http\\Request), Object(Closure))
#53 C:\\Users\\USER\\Downloads\\web-positron-main\\web-positron-main\\vendor\\laravel\\framework\\src\\Illuminate\\Foundation\\Http\\Middleware\\InvokeDeferredCallbacks.php(22): Illuminate\\Pipeline\\Pipeline->Illuminate\\Pipeline\\{closure}(Object(Illuminate\\Http\\Request))
#54 C:\\Users\\USER\\Downloads\\web-positron-main\\web-positron-main\\vendor\\laravel\\framework\\src\\Illuminate\\Pipeline\\Pipeline.php(208): Illuminate\\Foundation\\Http\\Middleware\\InvokeDeferredCallbacks->handle(Object(Illuminate\\Http\\Request), Object(Closure))
#55 C:\\Users\\USER\\Downloads\\web-positron-main\\web-positron-main\\vendor\\laravel\\framework\\src\\Illuminate\\Http\\Middleware\\ValidatePathEncoding.php(26): Illuminate\\Pipeline\\Pipeline->Illuminate\\Pipeline\\{closure}(Object(Illuminate\\Http\\Request))
#56 C:\\Users\\USER\\Downloads\\web-positron-main\\web-positron-main\\vendor\\laravel\\framework\\src\\Illuminate\\Pipeline\\Pipeline.php(208): Illuminate\\Http\\Middleware\\ValidatePathEncoding->handle(Object(Illuminate\\Http\\Request), Object(Closure))
#57 C:\\Users\\USER\\Downloads\\web-positron-main\\web-positron-main\\vendor\\laravel\\framework\\src\\Illuminate\\Pipeline\\Pipeline.php(126): Illuminate\\Pipeline\\Pipeline->Illuminate\\Pipeline\\{closure}(Object(Illuminate\\Http\\Request))
#58 C:\\Users\\USER\\Downloads\\web-positron-main\\web-positron-main\\vendor\\laravel\\framework\\src\\Illuminate\\Foundation\\Http\\Kernel.php(175): Illuminate\\Pipeline\\Pipeline->then(Object(Closure))
#59 C:\\Users\\USER\\Downloads\\web-positron-main\\web-positron-main\\vendor\\laravel\\framework\\src\\Illuminate\\Foundation\\Http\\Kernel.php(144): Illuminate\\Foundation\\Http\\Kernel->sendRequestThroughRouter(Object(Illuminate\\Http\\Request))
#60 C:\\Users\\USER\\Downloads\\web-positron-main\\web-positron-main\\vendor\\laravel\\framework\\src\\Illuminate\\Foundation\\Application.php(1219): Illuminate\\Foundation\\Http\\Kernel->handle(Object(Illuminate\\Http\\Request))
#61 C:\\Users\\USER\\Downloads\\web-positron-main\\web-positron-main\\public\\index.php(20): Illuminate\\Foundation\\Application->handleRequest(Object(Illuminate\\Http\\Request))
#62 C:\\Users\\USER\\Downloads\\web-positron-main\\web-positron-main\\vendor\\laravel\\framework\\src\\Illuminate\\Foundation\\resources\\server.php(23): require_once('C:\\\\Users\\\\USER\\\\D...')
#63 {main}

[previous exception] [object] (InvalidArgumentException(code: 0): View [apps.js] not found. at C:\\Users\\USER\\Downloads\\web-positron-main\\web-positron-main\\vendor\\laravel\\framework\\src\\Illuminate\\View\\FileViewFinder.php:138)
[stacktrace]
#0 C:\\Users\\USER\\Downloads\\web-positron-main\\web-positron-main\\vendor\\laravel\\framework\\src\\Illuminate\\View\\FileViewFinder.php(78): Illuminate\\View\\FileViewFinder->findInPaths('apps.js', Array)
#1 C:\\Users\\USER\\Downloads\\web-positron-main\\web-positron-main\\vendor\\laravel\\framework\\src\\Illuminate\\View\\Factory.php(150): Illuminate\\View\\FileViewFinder->find('apps.js')
#2 C:\\Users\\USER\\Downloads\\web-positron-main\\web-positron-main\\storage\\framework\\views\\0be05a65c681198d9addef58f6797f69.php(266): Illuminate\\View\\Factory->make('apps.js', Array)
#3 C:\\Users\\USER\\Downloads\\web-positron-main\\web-positron-main\\vendor\\laravel\\framework\\src\\Illuminate\\Filesystem\\Filesystem.php(123): require('C:\\\\Users\\\\USER\\\\D...')
#4 C:\\Users\\USER\\Downloads\\web-positron-main\\web-positron-main\\vendor\\laravel\\framework\\src\\Illuminate\\Filesystem\\Filesystem.php(124): Illuminate\\Filesystem\\Filesystem::Illuminate\\Filesystem\\{closure}()
#5 C:\\Users\\USER\\Downloads\\web-positron-main\\web-positron-main\\vendor\\laravel\\framework\\src\\Illuminate\\View\\Engines\\PhpEngine.php(57): Illuminate\\Filesystem\\Filesystem->getRequire('C:\\\\Users\\\\USER\\\\D...', Array)
#6 C:\\Users\\USER\\Downloads\\web-positron-main\\web-positron-main\\vendor\\laravel\\framework\\src\\Illuminate\\View\\Engines\\CompilerEngine.php(74): Illuminate\\View\\Engines\\PhpEngine->evaluatePath('C:\\\\Users\\\\USER\\\\D...', Array)
#7 C:\\Users\\USER\\Downloads\\web-positron-main\\web-positron-main\\vendor\\laravel\\framework\\src\\Illuminate\\View\\View.php(208): Illuminate\\View\\Engines\\CompilerEngine->get('C:\\\\Users\\\\USER\\\\D...', Array)
#8 C:\\Users\\USER\\Downloads\\web-positron-main\\web-positron-main\\vendor\\laravel\\framework\\src\\Illuminate\\View\\View.php(191): Illuminate\\View\\View->getContents()
#9 C:\\Users\\USER\\Downloads\\web-positron-main\\web-positron-main\\vendor\\laravel\\framework\\src\\Illuminate\\View\\View.php(160): Illuminate\\View\\View->renderContents()
#10 C:\\Users\\USER\\Downloads\\web-positron-main\\web-positron-main\\storage\\framework\\views\\d8a12e096c8050ca493bbaeecc3e50f4.php(682): Illuminate\\View\\View->render()
#11 C:\\Users\\USER\\Downloads\\web-positron-main\\web-positron-main\\vendor\\laravel\\framework\\src\\Illuminate\\Filesystem\\Filesystem.php(123): require('C:\\\\Users\\\\USER\\\\D...')
#12 C:\\Users\\USER\\Downloads\\web-positron-main\\web-positron-main\\vendor\\laravel\\framework\\src\\Illuminate\\Filesystem\\Filesystem.php(124): Illuminate\\Filesystem\\Filesystem::Illuminate\\Filesystem\\{closure}()
#13 C:\\Users\\USER\\Downloads\\web-positron-main\\web-positron-main\\vendor\\laravel\\framework\\src\\Illuminate\\View\\Engines\\PhpEngine.php(57): Illuminate\\Filesystem\\Filesystem->getRequire('C:\\\\Users\\\\USER\\\\D...', Array)
#14 C:\\Users\\USER\\Downloads\\web-positron-main\\web-positron-main\\vendor\\laravel\\framework\\src\\Illuminate\\View\\Engines\\CompilerEngine.php(74): Illuminate\\View\\Engines\\PhpEngine->evaluatePath('C:\\\\Users\\\\USER\\\\D...', Array)
#15 C:\\Users\\USER\\Downloads\\web-positron-main\\web-positron-main\\vendor\\laravel\\framework\\src\\Illuminate\\View\\View.php(208): Illuminate\\View\\Engines\\CompilerEngine->get('C:\\\\Users\\\\USER\\\\D...', Array)
#16 C:\\Users\\USER\\Downloads\\web-positron-main\\web-positron-main\\vendor\\laravel\\framework\\src\\Illuminate\\View\\View.php(191): Illuminate\\View\\View->getContents()
#17 C:\\Users\\USER\\Downloads\\web-positron-main\\web-positron-main\\vendor\\laravel\\framework\\src\\Illuminate\\View\\View.php(160): Illuminate\\View\\View->renderContents()
#18 C:\\Users\\USER\\Downloads\\web-positron-main\\web-positron-main\\vendor\\laravel\\framework\\src\\Illuminate\\Http\\Response.php(78): Illuminate\\View\\View->render()
#19 C:\\Users\\USER\\Downloads\\web-positron-main\\web-positron-main\\vendor\\laravel\\framework\\src\\Illuminate\\Http\\Response.php(34): Illuminate\\Http\\Response->setContent(Object(Illuminate\\View\\View))
#20 C:\\Users\\USER\\Downloads\\web-positron-main\\web-positron-main\\vendor\\laravel\\framework\\src\\Illuminate\\Routing\\Router.php(924): Illuminate\\Http\\Response->__construct(Object(Illuminate\\View\\View), 200, Array)
#21 C:\\Users\\USER\\Downloads\\web-positron-main\\web-positron-main\\vendor\\laravel\\framework\\src\\Illuminate\\Routing\\Router.php(891): Illuminate\\Routing\\Router::toResponse(Object(Illuminate\\Http\\Request), Object(Illuminate\\View\\View))
#22 C:\\Users\\USER\\Downloads\\web-positron-main\\web-positron-main\\vendor\\laravel\\framework\\src\\Illuminate\\Routing\\Router.php(807): Illuminate\\Routing\\Router->prepareResponse(Object(Illuminate\\Http\\Request), Object(Illuminate\\View\\View))
#23 C:\\Users\\USER\\Downloads\\web-positron-main\\web-positron-main\\vendor\\laravel\\framework\\src\\Illuminate\\Pipeline\\Pipeline.php(169): Illuminate\\Routing\\Router->Illuminate\\Routing\\{closure}(Object(Illuminate\\Http\\Request))
#24 C:\\Users\\USER\\Downloads\\web-positron-main\\web-positron-main\\vendor\\laravel\\framework\\src\\Illuminate\\Routing\\Middleware\\SubstituteBindings.php(50): Illuminate\\Pipeline\\Pipeline->Illuminate\\Pipeline\\{closure}(Object(Illuminate\\Http\\Request))
#25 C:\\Users\\USER\\Downloads\\web-positron-main\\web-positron-main\\vendor\\laravel\\framework\\src\\Illuminate\\Pipeline\\Pipeline.php(208): Illuminate\\Routing\\Middleware\\SubstituteBindings->handle(Object(Illuminate\\Http\\Request), Object(Closure))
#26 C:\\Users\\USER\\Downloads\\web-positron-main\\web-positron-main\\vendor\\laravel\\framework\\src\\Illuminate\\Foundation\\Http\\Middleware\\VerifyCsrfToken.php(87): Illuminate\\Pipeline\\Pipeline->Illuminate\\Pipeline\\{closure}(Object(Illuminate\\Http\\Request))
#27 C:\\Users\\USER\\Downloads\\web-positron-main\\web-positron-main\\vendor\\laravel\\framework\\src\\Illuminate\\Pipeline\\Pipeline.php(208): Illuminate\\Foundation\\Http\\Middleware\\VerifyCsrfToken->handle(Object(Illuminate\\Http\\Request), Object(Closure))
#28 C:\\Users\\USER\\Downloads\\web-positron-main\\web-positron-main\\vendor\\laravel\\framework\\src\\Illuminate\\View\\Middleware\\ShareErrorsFromSession.php(48): Illuminate\\Pipeline\\Pipeline->Illuminate\\Pipeline\\{closure}(Object(Illuminate\\Http\\Request))
#29 C:\\Users\\USER\\Downloads\\web-positron-main\\web-positron-main\\vendor\\laravel\\framework\\src\\Illuminate\\Pipeline\\Pipeline.php(208): Illuminate\\View\\Middleware\\ShareErrorsFromSession->handle(Object(Illuminate\\Http\\Request), Object(Closure))
#30 C:\\Users\\USER\\Downloads\\web-positron-main\\web-positron-main\\vendor\\laravel\\framework\\src\\Illuminate\\Session\\Middleware\\StartSession.php(120): Illuminate\\Pipeline\\Pipeline->Illuminate\\Pipeline\\{closure}(Object(Illuminate\\Http\\Request))
#31 C:\\Users\\USER\\Downloads\\web-positron-main\\web-positron-main\\vendor\\laravel\\framework\\src\\Illuminate\\Session\\Middleware\\StartSession.php(63): Illuminate\\Session\\Middleware\\StartSession->handleStatefulRequest(Object(Illuminate\\Http\\Request), Object(Illuminate\\Session\\Store), Object(Closure))
#32 C:\\Users\\USER\\Downloads\\web-positron-main\\web-positron-main\\vendor\\laravel\\framework\\src\\Illuminate\\Pipeline\\Pipeline.php(208): Illuminate\\Session\\Middleware\\StartSession->handle(Object(Illuminate\\Http\\Request), Object(Closure))
#33 C:\\Users\\USER\\Downloads\\web-positron-main\\web-positron-main\\vendor\\laravel\\framework\\src\\Illuminate\\Cookie\\Middleware\\AddQueuedCookiesToResponse.php(36): Illuminate\\Pipeline\\Pipeline->Illuminate\\Pipeline\\{closure}(Object(Illuminate\\Http\\Request))
#34 C:\\Users\\USER\\Downloads\\web-positron-main\\web-positron-main\\vendor\\laravel\\framework\\src\\Illuminate\\Pipeline\\Pipeline.php(208): Illuminate\\Cookie\\Middleware\\AddQueuedCookiesToResponse->handle(Object(Illuminate\\Http\\Request), Object(Closure))
#35 C:\\Users\\USER\\Downloads\\web-positron-main\\web-positron-main\\vendor\\laravel\\framework\\src\\Illuminate\\Cookie\\Middleware\\EncryptCookies.php(74): Illuminate\\Pipeline\\Pipeline->Illuminate\\Pipeline\\{closure}(Object(Illuminate\\Http\\Request))
#36 C:\\Users\\USER\\Downloads\\web-positron-main\\web-positron-main\\vendor\\laravel\\framework\\src\\Illuminate\\Pipeline\\Pipeline.php(208): Illuminate\\Cookie\\Middleware\\EncryptCookies->handle(Object(Illuminate\\Http\\Request), Object(Closure))
#37 C:\\Users\\USER\\Downloads\\web-positron-main\\web-positron-main\\vendor\\laravel\\framework\\src\\Illuminate\\Pipeline\\Pipeline.php(126): Illuminate\\Pipeline\\Pipeline->Illuminate\\Pipeline\\{closure}(Object(Illuminate\\Http\\Request))
#38 C:\\Users\\USER\\Downloads\\web-positron-main\\web-positron-main\\vendor\\laravel\\framework\\src\\Illuminate\\Routing\\Router.php(807): Illuminate\\Pipeline\\Pipeline->then(Object(Closure))
#39 C:\\Users\\USER\\Downloads\\web-positron-main\\web-positron-main\\vendor\\laravel\\framework\\src\\Illuminate\\Routing\\Router.php(786): Illuminate\\Routing\\Router->runRouteWithinStack(Object(Illuminate\\Routing\\Route), Object(Illuminate\\Http\\Request))
#40 C:\\Users\\USER\\Downloads\\web-positron-main\\web-positron-main\\vendor\\laravel\\framework\\src\\Illuminate\\Routing\\Router.php(750): Illuminate\\Routing\\Router->runRoute(Object(Illuminate\\Http\\Request), Object(Illuminate\\Routing\\Route))
#41 C:\\Users\\USER\\Downloads\\web-positron-main\\web-positron-main\\vendor\\laravel\\framework\\src\\Illuminate\\Routing\\Router.php(739): Illuminate\\Routing\\Router->dispatchToRoute(Object(Illuminate\\Http\\Request))
#42 C:\\Users\\USER\\Downloads\\web-positron-main\\web-positron-main\\vendor\\laravel\\framework\\src\\Illuminate\\Foundation\\Http\\Kernel.php(200): Illuminate\\Routing\\Router->dispatch(Object(Illuminate\\Http\\Request))
#43 C:\\Users\\USER\\Downloads\\web-positron-main\\web-positron-main\\vendor\\laravel\\framework\\src\\Illuminate\\Pipeline\\Pipeline.php(169): Illuminate\\Foundation\\Http\\Kernel->Illuminate\\Foundation\\Http\\{closure}(Object(Illuminate\\Http\\Request))
#44 C:\\Users\\USER\\Downloads\\web-positron-main\\web-positron-main\\vendor\\laravel\\framework\\src\\Illuminate\\Foundation\\Http\\Middleware\\TransformsRequest.php(21): Illuminate\\Pipeline\\Pipeline->Illuminate\\Pipeline\\{closure}(Object(Illuminate\\Http\\Request))
#45 C:\\Users\\USER\\Downloads\\web-positron-main\\web-positron-main\\vendor\\laravel\\framework\\src\\Illuminate\\Foundation\\Http\\Middleware\\ConvertEmptyStringsToNull.php(31): Illuminate\\Foundation\\Http\\Middleware\\TransformsRequest->handle(Object(Illuminate\\Http\\Request), Object(Closure))
#46 C:\\Users\\USER\\Downloads\\web-positron-main\\web-positron-main\\vendor\\laravel\\framework\\src\\Illuminate\\Pipeline\\Pipeline.php(208): Illuminate\\Foundation\\Http\\Middleware\\ConvertEmptyStringsToNull->handle(Object(Illuminate\\Http\\Request), Object(Closure))
#47 C:\\Users\\USER\\Downloads\\web-positron-main\\web-positron-main\\vendor\\laravel\\framework\\src\\Illuminate\\Foundation\\Http\\Middleware\\TransformsRequest.php(21): Illuminate\\Pipeline\\Pipeline->Illuminate\\Pipeline\\{closure}(Object(Illuminate\\Http\\Request))
#48 C:\\Users\\USER\\Downloads\\web-positron-main\\web-positron-main\\vendor\\laravel\\framework\\src\\Illuminate\\Foundation\\Http\\Middleware\\TrimStrings.php(51): Illuminate\\Foundation\\Http\\Middleware\\TransformsRequest->handle(Object(Illuminate\\Http\\Request), Object(Closure))
#49 C:\\Users\\USER\\Downloads\\web-positron-main\\web-positron-main\\vendor\\laravel\\framework\\src\\Illuminate\\Pipeline\\Pipeline.php(208): Illuminate\\Foundation\\Http\\Middleware\\TrimStrings->handle(Object(Illuminate\\Http\\Request), Object(Closure))
#50 C:\\Users\\USER\\Downloads\\web-positron-main\\web-positron-main\\vendor\\laravel\\framework\\src\\Illuminate\\Http\\Middleware\\ValidatePostSize.php(27): Illuminate\\Pipeline\\Pipeline->Illuminate\\Pipeline\\{closure}(Object(Illuminate\\Http\\Request))
#51 C:\\Users\\USER\\Downloads\\web-positron-main\\web-positron-main\\vendor\\laravel\\framework\\src\\Illuminate\\Pipeline\\Pipeline.php(208): Illuminate\\Http\\Middleware\\ValidatePostSize->handle(Object(Illuminate\\Http\\Request), Object(Closure))
#52 C:\\Users\\USER\\Downloads\\web-positron-main\\web-positron-main\\vendor\\laravel\\framework\\src\\Illuminate\\Foundation\\Http\\Middleware\\PreventRequestsDuringMaintenance.php(109): Illuminate\\Pipeline\\Pipeline->Illuminate\\Pipeline\\{closure}(Object(Illuminate\\Http\\Request))
#53 C:\\Users\\USER\\Downloads\\web-positron-main\\web-positron-main\\vendor\\laravel\\framework\\src\\Illuminate\\Pipeline\\Pipeline.php(208): Illuminate\\Foundation\\Http\\Middleware\\PreventRequestsDuringMaintenance->handle(Object(Illuminate\\Http\\Request), Object(Closure))
#54 C:\\Users\\USER\\Downloads\\web-positron-main\\web-positron-main\\vendor\\laravel\\framework\\src\\Illuminate\\Http\\Middleware\\HandleCors.php(48): Illuminate\\Pipeline\\Pipeline->Illuminate\\Pipeline\\{closure}(Object(Illuminate\\Http\\Request))
#55 C:\\Users\\USER\\Downloads\\web-positron-main\\web-positron-main\\vendor\\laravel\\framework\\src\\Illuminate\\Pipeline\\Pipeline.php(208): Illuminate\\Http\\Middleware\\HandleCors->handle(Object(Illuminate\\Http\\Request), Object(Closure))
#56 C:\\Users\\USER\\Downloads\\web-positron-main\\web-positron-main\\vendor\\laravel\\framework\\src\\Illuminate\\Http\\Middleware\\TrustProxies.php(58): Illuminate\\Pipeline\\Pipeline->Illuminate\\Pipeline\\{closure}(Object(Illuminate\\Http\\Request))
#57 C:\\Users\\USER\\Downloads\\web-positron-main\\web-positron-main\\vendor\\laravel\\framework\\src\\Illuminate\\Pipeline\\Pipeline.php(208): Illuminate\\Http\\Middleware\\TrustProxies->handle(Object(Illuminate\\Http\\Request), Object(Closure))
#58 C:\\Users\\USER\\Downloads\\web-positron-main\\web-positron-main\\vendor\\laravel\\framework\\src\\Illuminate\\Foundation\\Http\\Middleware\\InvokeDeferredCallbacks.php(22): Illuminate\\Pipeline\\Pipeline->Illuminate\\Pipeline\\{closure}(Object(Illuminate\\Http\\Request))
#59 C:\\Users\\USER\\Downloads\\web-positron-main\\web-positron-main\\vendor\\laravel\\framework\\src\\Illuminate\\Pipeline\\Pipeline.php(208): Illuminate\\Foundation\\Http\\Middleware\\InvokeDeferredCallbacks->handle(Object(Illuminate\\Http\\Request), Object(Closure))
#60 C:\\Users\\USER\\Downloads\\web-positron-main\\web-positron-main\\vendor\\laravel\\framework\\src\\Illuminate\\Http\\Middleware\\ValidatePathEncoding.php(26): Illuminate\\Pipeline\\Pipeline->Illuminate\\Pipeline\\{closure}(Object(Illuminate\\Http\\Request))
#61 C:\\Users\\USER\\Downloads\\web-positron-main\\web-positron-main\\vendor\\laravel\\framework\\src\\Illuminate\\Pipeline\\Pipeline.php(208): Illuminate\\Http\\Middleware\\ValidatePathEncoding->handle(Object(Illuminate\\Http\\Request), Object(Closure))
#62 C:\\Users\\USER\\Downloads\\web-positron-main\\web-positron-main\\vendor\\laravel\\framework\\src\\Illuminate\\Pipeline\\Pipeline.php(126): Illuminate\\Pipeline\\Pipeline->Illuminate\\Pipeline\\{closure}(Object(Illuminate\\Http\\Request))
#63 C:\\Users\\USER\\Downloads\\web-positron-main\\web-positron-main\\vendor\\laravel\\framework\\src\\Illuminate\\Foundation\\Http\\Kernel.php(175): Illuminate\\Pipeline\\Pipeline->then(Object(Closure))
#64 C:\\Users\\USER\\Downloads\\web-positron-main\\web-positron-main\\vendor\\laravel\\framework\\src\\Illuminate\\Foundation\\Http\\Kernel.php(144): Illuminate\\Foundation\\Http\\Kernel->sendRequestThroughRouter(Object(Illuminate\\Http\\Request))
#65 C:\\Users\\USER\\Downloads\\web-positron-main\\web-positron-main\\vendor\\laravel\\framework\\src\\Illuminate\\Foundation\\Application.php(1219): Illuminate\\Foundation\\Http\\Kernel->handle(Object(Illuminate\\Http\\Request))
#66 C:\\Users\\USER\\Downloads\\web-positron-main\\web-positron-main\\public\\index.php(20): Illuminate\\Foundation\\Application->handleRequest(Object(Illuminate\\Http\\Request))
#67 C:\\Users\\USER\\Downloads\\web-positron-main\\web-positron-main\\vendor\\laravel\\framework\\src\\Illuminate\\Foundation\\resources\\server.php(23): require_once('C:\\\\Users\\\\USER\\\\D...')
#68 {main}
"} 
[2025-07-07 22:49:25] local.ERROR: View [app.js] not found. (View: C:\Users\USER\Downloads\web-positron-main\web-positron-main\resources\views\layouts\app.blade.php) (View: C:\Users\USER\Downloads\web-positron-main\web-positron-main\resources\views\layouts\app.blade.php) {"exception":"[object] (Illuminate\\View\\ViewException(code: 0): View [app.js] not found. (View: C:\\Users\\USER\\Downloads\\web-positron-main\\web-positron-main\\resources\\views\\layouts\\app.blade.php) (View: C:\\Users\\USER\\Downloads\\web-positron-main\\web-positron-main\\resources\\views\\layouts\\app.blade.php) at C:\\Users\\USER\\Downloads\\web-positron-main\\web-positron-main\\vendor\\laravel\\framework\\src\\Illuminate\\View\\FileViewFinder.php:138)
[stacktrace]
#0 C:\\Users\\USER\\Downloads\\web-positron-main\\web-positron-main\\vendor\\laravel\\framework\\src\\Illuminate\\View\\Engines\\PhpEngine.php(59): Illuminate\\View\\Engines\\CompilerEngine->handleViewException(Object(Illuminate\\View\\ViewException), 1)
#1 C:\\Users\\USER\\Downloads\\web-positron-main\\web-positron-main\\vendor\\laravel\\framework\\src\\Illuminate\\View\\Engines\\CompilerEngine.php(74): Illuminate\\View\\Engines\\PhpEngine->evaluatePath('C:\\\\Users\\\\USER\\\\D...', Array)
#2 C:\\Users\\USER\\Downloads\\web-positron-main\\web-positron-main\\vendor\\laravel\\framework\\src\\Illuminate\\View\\View.php(208): Illuminate\\View\\Engines\\CompilerEngine->get('C:\\\\Users\\\\USER\\\\D...', Array)
#3 C:\\Users\\USER\\Downloads\\web-positron-main\\web-positron-main\\vendor\\laravel\\framework\\src\\Illuminate\\View\\View.php(191): Illuminate\\View\\View->getContents()
#4 C:\\Users\\USER\\Downloads\\web-positron-main\\web-positron-main\\vendor\\laravel\\framework\\src\\Illuminate\\View\\View.php(160): Illuminate\\View\\View->renderContents()
#5 C:\\Users\\USER\\Downloads\\web-positron-main\\web-positron-main\\vendor\\laravel\\framework\\src\\Illuminate\\Http\\Response.php(78): Illuminate\\View\\View->render()
#6 C:\\Users\\USER\\Downloads\\web-positron-main\\web-positron-main\\vendor\\laravel\\framework\\src\\Illuminate\\Http\\Response.php(34): Illuminate\\Http\\Response->setContent(Object(Illuminate\\View\\View))
#7 C:\\Users\\USER\\Downloads\\web-positron-main\\web-positron-main\\vendor\\laravel\\framework\\src\\Illuminate\\Routing\\Router.php(924): Illuminate\\Http\\Response->__construct(Object(Illuminate\\View\\View), 200, Array)
#8 C:\\Users\\USER\\Downloads\\web-positron-main\\web-positron-main\\vendor\\laravel\\framework\\src\\Illuminate\\Routing\\Router.php(891): Illuminate\\Routing\\Router::toResponse(Object(Illuminate\\Http\\Request), Object(Illuminate\\View\\View))
#9 C:\\Users\\USER\\Downloads\\web-positron-main\\web-positron-main\\vendor\\laravel\\framework\\src\\Illuminate\\Routing\\Router.php(807): Illuminate\\Routing\\Router->prepareResponse(Object(Illuminate\\Http\\Request), Object(Illuminate\\View\\View))
#10 C:\\Users\\USER\\Downloads\\web-positron-main\\web-positron-main\\vendor\\laravel\\framework\\src\\Illuminate\\Pipeline\\Pipeline.php(169): Illuminate\\Routing\\Router->Illuminate\\Routing\\{closure}(Object(Illuminate\\Http\\Request))
#11 C:\\Users\\USER\\Downloads\\web-positron-main\\web-positron-main\\vendor\\laravel\\framework\\src\\Illuminate\\Routing\\Middleware\\SubstituteBindings.php(50): Illuminate\\Pipeline\\Pipeline->Illuminate\\Pipeline\\{closure}(Object(Illuminate\\Http\\Request))
#12 C:\\Users\\USER\\Downloads\\web-positron-main\\web-positron-main\\vendor\\laravel\\framework\\src\\Illuminate\\Pipeline\\Pipeline.php(208): Illuminate\\Routing\\Middleware\\SubstituteBindings->handle(Object(Illuminate\\Http\\Request), Object(Closure))
#13 C:\\Users\\USER\\Downloads\\web-positron-main\\web-positron-main\\vendor\\laravel\\framework\\src\\Illuminate\\Foundation\\Http\\Middleware\\VerifyCsrfToken.php(87): Illuminate\\Pipeline\\Pipeline->Illuminate\\Pipeline\\{closure}(Object(Illuminate\\Http\\Request))
#14 C:\\Users\\USER\\Downloads\\web-positron-main\\web-positron-main\\vendor\\laravel\\framework\\src\\Illuminate\\Pipeline\\Pipeline.php(208): Illuminate\\Foundation\\Http\\Middleware\\VerifyCsrfToken->handle(Object(Illuminate\\Http\\Request), Object(Closure))
#15 C:\\Users\\USER\\Downloads\\web-positron-main\\web-positron-main\\vendor\\laravel\\framework\\src\\Illuminate\\View\\Middleware\\ShareErrorsFromSession.php(48): Illuminate\\Pipeline\\Pipeline->Illuminate\\Pipeline\\{closure}(Object(Illuminate\\Http\\Request))
#16 C:\\Users\\USER\\Downloads\\web-positron-main\\web-positron-main\\vendor\\laravel\\framework\\src\\Illuminate\\Pipeline\\Pipeline.php(208): Illuminate\\View\\Middleware\\ShareErrorsFromSession->handle(Object(Illuminate\\Http\\Request), Object(Closure))
#17 C:\\Users\\USER\\Downloads\\web-positron-main\\web-positron-main\\vendor\\laravel\\framework\\src\\Illuminate\\Session\\Middleware\\StartSession.php(120): Illuminate\\Pipeline\\Pipeline->Illuminate\\Pipeline\\{closure}(Object(Illuminate\\Http\\Request))
#18 C:\\Users\\USER\\Downloads\\web-positron-main\\web-positron-main\\vendor\\laravel\\framework\\src\\Illuminate\\Session\\Middleware\\StartSession.php(63): Illuminate\\Session\\Middleware\\StartSession->handleStatefulRequest(Object(Illuminate\\Http\\Request), Object(Illuminate\\Session\\Store), Object(Closure))
#19 C:\\Users\\USER\\Downloads\\web-positron-main\\web-positron-main\\vendor\\laravel\\framework\\src\\Illuminate\\Pipeline\\Pipeline.php(208): Illuminate\\Session\\Middleware\\StartSession->handle(Object(Illuminate\\Http\\Request), Object(Closure))
#20 C:\\Users\\USER\\Downloads\\web-positron-main\\web-positron-main\\vendor\\laravel\\framework\\src\\Illuminate\\Cookie\\Middleware\\AddQueuedCookiesToResponse.php(36): Illuminate\\Pipeline\\Pipeline->Illuminate\\Pipeline\\{closure}(Object(Illuminate\\Http\\Request))
#21 C:\\Users\\USER\\Downloads\\web-positron-main\\web-positron-main\\vendor\\laravel\\framework\\src\\Illuminate\\Pipeline\\Pipeline.php(208): Illuminate\\Cookie\\Middleware\\AddQueuedCookiesToResponse->handle(Object(Illuminate\\Http\\Request), Object(Closure))
#22 C:\\Users\\USER\\Downloads\\web-positron-main\\web-positron-main\\vendor\\laravel\\framework\\src\\Illuminate\\Cookie\\Middleware\\EncryptCookies.php(74): Illuminate\\Pipeline\\Pipeline->Illuminate\\Pipeline\\{closure}(Object(Illuminate\\Http\\Request))
#23 C:\\Users\\USER\\Downloads\\web-positron-main\\web-positron-main\\vendor\\laravel\\framework\\src\\Illuminate\\Pipeline\\Pipeline.php(208): Illuminate\\Cookie\\Middleware\\EncryptCookies->handle(Object(Illuminate\\Http\\Request), Object(Closure))
#24 C:\\Users\\USER\\Downloads\\web-positron-main\\web-positron-main\\vendor\\laravel\\framework\\src\\Illuminate\\Pipeline\\Pipeline.php(126): Illuminate\\Pipeline\\Pipeline->Illuminate\\Pipeline\\{closure}(Object(Illuminate\\Http\\Request))
#25 C:\\Users\\USER\\Downloads\\web-positron-main\\web-positron-main\\vendor\\laravel\\framework\\src\\Illuminate\\Routing\\Router.php(807): Illuminate\\Pipeline\\Pipeline->then(Object(Closure))
#26 C:\\Users\\USER\\Downloads\\web-positron-main\\web-positron-main\\vendor\\laravel\\framework\\src\\Illuminate\\Routing\\Router.php(786): Illuminate\\Routing\\Router->runRouteWithinStack(Object(Illuminate\\Routing\\Route), Object(Illuminate\\Http\\Request))
#27 C:\\Users\\USER\\Downloads\\web-positron-main\\web-positron-main\\vendor\\laravel\\framework\\src\\Illuminate\\Routing\\Router.php(750): Illuminate\\Routing\\Router->runRoute(Object(Illuminate\\Http\\Request), Object(Illuminate\\Routing\\Route))
#28 C:\\Users\\USER\\Downloads\\web-positron-main\\web-positron-main\\vendor\\laravel\\framework\\src\\Illuminate\\Routing\\Router.php(739): Illuminate\\Routing\\Router->dispatchToRoute(Object(Illuminate\\Http\\Request))
#29 C:\\Users\\USER\\Downloads\\web-positron-main\\web-positron-main\\vendor\\laravel\\framework\\src\\Illuminate\\Foundation\\Http\\Kernel.php(200): Illuminate\\Routing\\Router->dispatch(Object(Illuminate\\Http\\Request))
#30 C:\\Users\\USER\\Downloads\\web-positron-main\\web-positron-main\\vendor\\laravel\\framework\\src\\Illuminate\\Pipeline\\Pipeline.php(169): Illuminate\\Foundation\\Http\\Kernel->Illuminate\\Foundation\\Http\\{closure}(Object(Illuminate\\Http\\Request))
#31 C:\\Users\\USER\\Downloads\\web-positron-main\\web-positron-main\\vendor\\laravel\\framework\\src\\Illuminate\\Foundation\\Http\\Middleware\\TransformsRequest.php(21): Illuminate\\Pipeline\\Pipeline->Illuminate\\Pipeline\\{closure}(Object(Illuminate\\Http\\Request))
#32 C:\\Users\\USER\\Downloads\\web-positron-main\\web-positron-main\\vendor\\laravel\\framework\\src\\Illuminate\\Foundation\\Http\\Middleware\\ConvertEmptyStringsToNull.php(31): Illuminate\\Foundation\\Http\\Middleware\\TransformsRequest->handle(Object(Illuminate\\Http\\Request), Object(Closure))
#33 C:\\Users\\USER\\Downloads\\web-positron-main\\web-positron-main\\vendor\\laravel\\framework\\src\\Illuminate\\Pipeline\\Pipeline.php(208): Illuminate\\Foundation\\Http\\Middleware\\ConvertEmptyStringsToNull->handle(Object(Illuminate\\Http\\Request), Object(Closure))
#34 C:\\Users\\USER\\Downloads\\web-positron-main\\web-positron-main\\vendor\\laravel\\framework\\src\\Illuminate\\Foundation\\Http\\Middleware\\TransformsRequest.php(21): Illuminate\\Pipeline\\Pipeline->Illuminate\\Pipeline\\{closure}(Object(Illuminate\\Http\\Request))
#35 C:\\Users\\USER\\Downloads\\web-positron-main\\web-positron-main\\vendor\\laravel\\framework\\src\\Illuminate\\Foundation\\Http\\Middleware\\TrimStrings.php(51): Illuminate\\Foundation\\Http\\Middleware\\TransformsRequest->handle(Object(Illuminate\\Http\\Request), Object(Closure))
#36 C:\\Users\\USER\\Downloads\\web-positron-main\\web-positron-main\\vendor\\laravel\\framework\\src\\Illuminate\\Pipeline\\Pipeline.php(208): Illuminate\\Foundation\\Http\\Middleware\\TrimStrings->handle(Object(Illuminate\\Http\\Request), Object(Closure))
#37 C:\\Users\\USER\\Downloads\\web-positron-main\\web-positron-main\\vendor\\laravel\\framework\\src\\Illuminate\\Http\\Middleware\\ValidatePostSize.php(27): Illuminate\\Pipeline\\Pipeline->Illuminate\\Pipeline\\{closure}(Object(Illuminate\\Http\\Request))
#38 C:\\Users\\USER\\Downloads\\web-positron-main\\web-positron-main\\vendor\\laravel\\framework\\src\\Illuminate\\Pipeline\\Pipeline.php(208): Illuminate\\Http\\Middleware\\ValidatePostSize->handle(Object(Illuminate\\Http\\Request), Object(Closure))
#39 C:\\Users\\USER\\Downloads\\web-positron-main\\web-positron-main\\vendor\\laravel\\framework\\src\\Illuminate\\Foundation\\Http\\Middleware\\PreventRequestsDuringMaintenance.php(109): Illuminate\\Pipeline\\Pipeline->Illuminate\\Pipeline\\{closure}(Object(Illuminate\\Http\\Request))
#40 C:\\Users\\USER\\Downloads\\web-positron-main\\web-positron-main\\vendor\\laravel\\framework\\src\\Illuminate\\Pipeline\\Pipeline.php(208): Illuminate\\Foundation\\Http\\Middleware\\PreventRequestsDuringMaintenance->handle(Object(Illuminate\\Http\\Request), Object(Closure))
#41 C:\\Users\\USER\\Downloads\\web-positron-main\\web-positron-main\\vendor\\laravel\\framework\\src\\Illuminate\\Http\\Middleware\\HandleCors.php(48): Illuminate\\Pipeline\\Pipeline->Illuminate\\Pipeline\\{closure}(Object(Illuminate\\Http\\Request))
#42 C:\\Users\\USER\\Downloads\\web-positron-main\\web-positron-main\\vendor\\laravel\\framework\\src\\Illuminate\\Pipeline\\Pipeline.php(208): Illuminate\\Http\\Middleware\\HandleCors->handle(Object(Illuminate\\Http\\Request), Object(Closure))
#43 C:\\Users\\USER\\Downloads\\web-positron-main\\web-positron-main\\vendor\\laravel\\framework\\src\\Illuminate\\Http\\Middleware\\TrustProxies.php(58): Illuminate\\Pipeline\\Pipeline->Illuminate\\Pipeline\\{closure}(Object(Illuminate\\Http\\Request))
#44 C:\\Users\\USER\\Downloads\\web-positron-main\\web-positron-main\\vendor\\laravel\\framework\\src\\Illuminate\\Pipeline\\Pipeline.php(208): Illuminate\\Http\\Middleware\\TrustProxies->handle(Object(Illuminate\\Http\\Request), Object(Closure))
#45 C:\\Users\\USER\\Downloads\\web-positron-main\\web-positron-main\\vendor\\laravel\\framework\\src\\Illuminate\\Foundation\\Http\\Middleware\\InvokeDeferredCallbacks.php(22): Illuminate\\Pipeline\\Pipeline->Illuminate\\Pipeline\\{closure}(Object(Illuminate\\Http\\Request))
#46 C:\\Users\\USER\\Downloads\\web-positron-main\\web-positron-main\\vendor\\laravel\\framework\\src\\Illuminate\\Pipeline\\Pipeline.php(208): Illuminate\\Foundation\\Http\\Middleware\\InvokeDeferredCallbacks->handle(Object(Illuminate\\Http\\Request), Object(Closure))
#47 C:\\Users\\USER\\Downloads\\web-positron-main\\web-positron-main\\vendor\\laravel\\framework\\src\\Illuminate\\Http\\Middleware\\ValidatePathEncoding.php(26): Illuminate\\Pipeline\\Pipeline->Illuminate\\Pipeline\\{closure}(Object(Illuminate\\Http\\Request))
#48 C:\\Users\\USER\\Downloads\\web-positron-main\\web-positron-main\\vendor\\laravel\\framework\\src\\Illuminate\\Pipeline\\Pipeline.php(208): Illuminate\\Http\\Middleware\\ValidatePathEncoding->handle(Object(Illuminate\\Http\\Request), Object(Closure))
#49 C:\\Users\\USER\\Downloads\\web-positron-main\\web-positron-main\\vendor\\laravel\\framework\\src\\Illuminate\\Pipeline\\Pipeline.php(126): Illuminate\\Pipeline\\Pipeline->Illuminate\\Pipeline\\{closure}(Object(Illuminate\\Http\\Request))
#50 C:\\Users\\USER\\Downloads\\web-positron-main\\web-positron-main\\vendor\\laravel\\framework\\src\\Illuminate\\Foundation\\Http\\Kernel.php(175): Illuminate\\Pipeline\\Pipeline->then(Object(Closure))
#51 C:\\Users\\USER\\Downloads\\web-positron-main\\web-positron-main\\vendor\\laravel\\framework\\src\\Illuminate\\Foundation\\Http\\Kernel.php(144): Illuminate\\Foundation\\Http\\Kernel->sendRequestThroughRouter(Object(Illuminate\\Http\\Request))
#52 C:\\Users\\USER\\Downloads\\web-positron-main\\web-positron-main\\vendor\\laravel\\framework\\src\\Illuminate\\Foundation\\Application.php(1219): Illuminate\\Foundation\\Http\\Kernel->handle(Object(Illuminate\\Http\\Request))
#53 C:\\Users\\USER\\Downloads\\web-positron-main\\web-positron-main\\public\\index.php(20): Illuminate\\Foundation\\Application->handleRequest(Object(Illuminate\\Http\\Request))
#54 C:\\Users\\USER\\Downloads\\web-positron-main\\web-positron-main\\vendor\\laravel\\framework\\src\\Illuminate\\Foundation\\resources\\server.php(23): require_once('C:\\\\Users\\\\USER\\\\D...')
#55 {main}

[previous exception] [object] (Illuminate\\View\\ViewException(code: 0): View [app.js] not found. (View: C:\\Users\\USER\\Downloads\\web-positron-main\\web-positron-main\\resources\\views\\layouts\\app.blade.php) at C:\\Users\\USER\\Downloads\\web-positron-main\\web-positron-main\\vendor\\laravel\\framework\\src\\Illuminate\\View\\FileViewFinder.php:138)
[stacktrace]
#0 C:\\Users\\USER\\Downloads\\web-positron-main\\web-positron-main\\vendor\\laravel\\framework\\src\\Illuminate\\View\\Engines\\PhpEngine.php(59): Illuminate\\View\\Engines\\CompilerEngine->handleViewException(Object(InvalidArgumentException), 2)
#1 C:\\Users\\USER\\Downloads\\web-positron-main\\web-positron-main\\vendor\\laravel\\framework\\src\\Illuminate\\View\\Engines\\CompilerEngine.php(74): Illuminate\\View\\Engines\\PhpEngine->evaluatePath('C:\\\\Users\\\\USER\\\\D...', Array)
#2 C:\\Users\\USER\\Downloads\\web-positron-main\\web-positron-main\\vendor\\laravel\\framework\\src\\Illuminate\\View\\View.php(208): Illuminate\\View\\Engines\\CompilerEngine->get('C:\\\\Users\\\\USER\\\\D...', Array)
#3 C:\\Users\\USER\\Downloads\\web-positron-main\\web-positron-main\\vendor\\laravel\\framework\\src\\Illuminate\\View\\View.php(191): Illuminate\\View\\View->getContents()
#4 C:\\Users\\USER\\Downloads\\web-positron-main\\web-positron-main\\vendor\\laravel\\framework\\src\\Illuminate\\View\\View.php(160): Illuminate\\View\\View->renderContents()
#5 C:\\Users\\USER\\Downloads\\web-positron-main\\web-positron-main\\storage\\framework\\views\\d8a12e096c8050ca493bbaeecc3e50f4.php(682): Illuminate\\View\\View->render()
#6 C:\\Users\\USER\\Downloads\\web-positron-main\\web-positron-main\\vendor\\laravel\\framework\\src\\Illuminate\\Filesystem\\Filesystem.php(123): require('C:\\\\Users\\\\USER\\\\D...')
#7 C:\\Users\\USER\\Downloads\\web-positron-main\\web-positron-main\\vendor\\laravel\\framework\\src\\Illuminate\\Filesystem\\Filesystem.php(124): Illuminate\\Filesystem\\Filesystem::Illuminate\\Filesystem\\{closure}()
#8 C:\\Users\\USER\\Downloads\\web-positron-main\\web-positron-main\\vendor\\laravel\\framework\\src\\Illuminate\\View\\Engines\\PhpEngine.php(57): Illuminate\\Filesystem\\Filesystem->getRequire('C:\\\\Users\\\\USER\\\\D...', Array)
#9 C:\\Users\\USER\\Downloads\\web-positron-main\\web-positron-main\\vendor\\laravel\\framework\\src\\Illuminate\\View\\Engines\\CompilerEngine.php(74): Illuminate\\View\\Engines\\PhpEngine->evaluatePath('C:\\\\Users\\\\USER\\\\D...', Array)
#10 C:\\Users\\USER\\Downloads\\web-positron-main\\web-positron-main\\vendor\\laravel\\framework\\src\\Illuminate\\View\\View.php(208): Illuminate\\View\\Engines\\CompilerEngine->get('C:\\\\Users\\\\USER\\\\D...', Array)
#11 C:\\Users\\USER\\Downloads\\web-positron-main\\web-positron-main\\vendor\\laravel\\framework\\src\\Illuminate\\View\\View.php(191): Illuminate\\View\\View->getContents()
#12 C:\\Users\\USER\\Downloads\\web-positron-main\\web-positron-main\\vendor\\laravel\\framework\\src\\Illuminate\\View\\View.php(160): Illuminate\\View\\View->renderContents()
#13 C:\\Users\\USER\\Downloads\\web-positron-main\\web-positron-main\\vendor\\laravel\\framework\\src\\Illuminate\\Http\\Response.php(78): Illuminate\\View\\View->render()
#14 C:\\Users\\USER\\Downloads\\web-positron-main\\web-positron-main\\vendor\\laravel\\framework\\src\\Illuminate\\Http\\Response.php(34): Illuminate\\Http\\Response->setContent(Object(Illuminate\\View\\View))
#15 C:\\Users\\USER\\Downloads\\web-positron-main\\web-positron-main\\vendor\\laravel\\framework\\src\\Illuminate\\Routing\\Router.php(924): Illuminate\\Http\\Response->__construct(Object(Illuminate\\View\\View), 200, Array)
#16 C:\\Users\\USER\\Downloads\\web-positron-main\\web-positron-main\\vendor\\laravel\\framework\\src\\Illuminate\\Routing\\Router.php(891): Illuminate\\Routing\\Router::toResponse(Object(Illuminate\\Http\\Request), Object(Illuminate\\View\\View))
#17 C:\\Users\\USER\\Downloads\\web-positron-main\\web-positron-main\\vendor\\laravel\\framework\\src\\Illuminate\\Routing\\Router.php(807): Illuminate\\Routing\\Router->prepareResponse(Object(Illuminate\\Http\\Request), Object(Illuminate\\View\\View))
#18 C:\\Users\\USER\\Downloads\\web-positron-main\\web-positron-main\\vendor\\laravel\\framework\\src\\Illuminate\\Pipeline\\Pipeline.php(169): Illuminate\\Routing\\Router->Illuminate\\Routing\\{closure}(Object(Illuminate\\Http\\Request))
#19 C:\\Users\\USER\\Downloads\\web-positron-main\\web-positron-main\\vendor\\laravel\\framework\\src\\Illuminate\\Routing\\Middleware\\SubstituteBindings.php(50): Illuminate\\Pipeline\\Pipeline->Illuminate\\Pipeline\\{closure}(Object(Illuminate\\Http\\Request))
#20 C:\\Users\\USER\\Downloads\\web-positron-main\\web-positron-main\\vendor\\laravel\\framework\\src\\Illuminate\\Pipeline\\Pipeline.php(208): Illuminate\\Routing\\Middleware\\SubstituteBindings->handle(Object(Illuminate\\Http\\Request), Object(Closure))
#21 C:\\Users\\USER\\Downloads\\web-positron-main\\web-positron-main\\vendor\\laravel\\framework\\src\\Illuminate\\Foundation\\Http\\Middleware\\VerifyCsrfToken.php(87): Illuminate\\Pipeline\\Pipeline->Illuminate\\Pipeline\\{closure}(Object(Illuminate\\Http\\Request))
#22 C:\\Users\\USER\\Downloads\\web-positron-main\\web-positron-main\\vendor\\laravel\\framework\\src\\Illuminate\\Pipeline\\Pipeline.php(208): Illuminate\\Foundation\\Http\\Middleware\\VerifyCsrfToken->handle(Object(Illuminate\\Http\\Request), Object(Closure))
#23 C:\\Users\\USER\\Downloads\\web-positron-main\\web-positron-main\\vendor\\laravel\\framework\\src\\Illuminate\\View\\Middleware\\ShareErrorsFromSession.php(48): Illuminate\\Pipeline\\Pipeline->Illuminate\\Pipeline\\{closure}(Object(Illuminate\\Http\\Request))
#24 C:\\Users\\USER\\Downloads\\web-positron-main\\web-positron-main\\vendor\\laravel\\framework\\src\\Illuminate\\Pipeline\\Pipeline.php(208): Illuminate\\View\\Middleware\\ShareErrorsFromSession->handle(Object(Illuminate\\Http\\Request), Object(Closure))
#25 C:\\Users\\USER\\Downloads\\web-positron-main\\web-positron-main\\vendor\\laravel\\framework\\src\\Illuminate\\Session\\Middleware\\StartSession.php(120): Illuminate\\Pipeline\\Pipeline->Illuminate\\Pipeline\\{closure}(Object(Illuminate\\Http\\Request))
#26 C:\\Users\\USER\\Downloads\\web-positron-main\\web-positron-main\\vendor\\laravel\\framework\\src\\Illuminate\\Session\\Middleware\\StartSession.php(63): Illuminate\\Session\\Middleware\\StartSession->handleStatefulRequest(Object(Illuminate\\Http\\Request), Object(Illuminate\\Session\\Store), Object(Closure))
#27 C:\\Users\\USER\\Downloads\\web-positron-main\\web-positron-main\\vendor\\laravel\\framework\\src\\Illuminate\\Pipeline\\Pipeline.php(208): Illuminate\\Session\\Middleware\\StartSession->handle(Object(Illuminate\\Http\\Request), Object(Closure))
#28 C:\\Users\\USER\\Downloads\\web-positron-main\\web-positron-main\\vendor\\laravel\\framework\\src\\Illuminate\\Cookie\\Middleware\\AddQueuedCookiesToResponse.php(36): Illuminate\\Pipeline\\Pipeline->Illuminate\\Pipeline\\{closure}(Object(Illuminate\\Http\\Request))
#29 C:\\Users\\USER\\Downloads\\web-positron-main\\web-positron-main\\vendor\\laravel\\framework\\src\\Illuminate\\Pipeline\\Pipeline.php(208): Illuminate\\Cookie\\Middleware\\AddQueuedCookiesToResponse->handle(Object(Illuminate\\Http\\Request), Object(Closure))
#30 C:\\Users\\USER\\Downloads\\web-positron-main\\web-positron-main\\vendor\\laravel\\framework\\src\\Illuminate\\Cookie\\Middleware\\EncryptCookies.php(74): Illuminate\\Pipeline\\Pipeline->Illuminate\\Pipeline\\{closure}(Object(Illuminate\\Http\\Request))
#31 C:\\Users\\USER\\Downloads\\web-positron-main\\web-positron-main\\vendor\\laravel\\framework\\src\\Illuminate\\Pipeline\\Pipeline.php(208): Illuminate\\Cookie\\Middleware\\EncryptCookies->handle(Object(Illuminate\\Http\\Request), Object(Closure))
#32 C:\\Users\\USER\\Downloads\\web-positron-main\\web-positron-main\\vendor\\laravel\\framework\\src\\Illuminate\\Pipeline\\Pipeline.php(126): Illuminate\\Pipeline\\Pipeline->Illuminate\\Pipeline\\{closure}(Object(Illuminate\\Http\\Request))
#33 C:\\Users\\USER\\Downloads\\web-positron-main\\web-positron-main\\vendor\\laravel\\framework\\src\\Illuminate\\Routing\\Router.php(807): Illuminate\\Pipeline\\Pipeline->then(Object(Closure))
#34 C:\\Users\\USER\\Downloads\\web-positron-main\\web-positron-main\\vendor\\laravel\\framework\\src\\Illuminate\\Routing\\Router.php(786): Illuminate\\Routing\\Router->runRouteWithinStack(Object(Illuminate\\Routing\\Route), Object(Illuminate\\Http\\Request))
#35 C:\\Users\\USER\\Downloads\\web-positron-main\\web-positron-main\\vendor\\laravel\\framework\\src\\Illuminate\\Routing\\Router.php(750): Illuminate\\Routing\\Router->runRoute(Object(Illuminate\\Http\\Request), Object(Illuminate\\Routing\\Route))
#36 C:\\Users\\USER\\Downloads\\web-positron-main\\web-positron-main\\vendor\\laravel\\framework\\src\\Illuminate\\Routing\\Router.php(739): Illuminate\\Routing\\Router->dispatchToRoute(Object(Illuminate\\Http\\Request))
#37 C:\\Users\\USER\\Downloads\\web-positron-main\\web-positron-main\\vendor\\laravel\\framework\\src\\Illuminate\\Foundation\\Http\\Kernel.php(200): Illuminate\\Routing\\Router->dispatch(Object(Illuminate\\Http\\Request))
#38 C:\\Users\\USER\\Downloads\\web-positron-main\\web-positron-main\\vendor\\laravel\\framework\\src\\Illuminate\\Pipeline\\Pipeline.php(169): Illuminate\\Foundation\\Http\\Kernel->Illuminate\\Foundation\\Http\\{closure}(Object(Illuminate\\Http\\Request))
#39 C:\\Users\\USER\\Downloads\\web-positron-main\\web-positron-main\\vendor\\laravel\\framework\\src\\Illuminate\\Foundation\\Http\\Middleware\\TransformsRequest.php(21): Illuminate\\Pipeline\\Pipeline->Illuminate\\Pipeline\\{closure}(Object(Illuminate\\Http\\Request))
#40 C:\\Users\\USER\\Downloads\\web-positron-main\\web-positron-main\\vendor\\laravel\\framework\\src\\Illuminate\\Foundation\\Http\\Middleware\\ConvertEmptyStringsToNull.php(31): Illuminate\\Foundation\\Http\\Middleware\\TransformsRequest->handle(Object(Illuminate\\Http\\Request), Object(Closure))
#41 C:\\Users\\USER\\Downloads\\web-positron-main\\web-positron-main\\vendor\\laravel\\framework\\src\\Illuminate\\Pipeline\\Pipeline.php(208): Illuminate\\Foundation\\Http\\Middleware\\ConvertEmptyStringsToNull->handle(Object(Illuminate\\Http\\Request), Object(Closure))
#42 C:\\Users\\USER\\Downloads\\web-positron-main\\web-positron-main\\vendor\\laravel\\framework\\src\\Illuminate\\Foundation\\Http\\Middleware\\TransformsRequest.php(21): Illuminate\\Pipeline\\Pipeline->Illuminate\\Pipeline\\{closure}(Object(Illuminate\\Http\\Request))
#43 C:\\Users\\USER\\Downloads\\web-positron-main\\web-positron-main\\vendor\\laravel\\framework\\src\\Illuminate\\Foundation\\Http\\Middleware\\TrimStrings.php(51): Illuminate\\Foundation\\Http\\Middleware\\TransformsRequest->handle(Object(Illuminate\\Http\\Request), Object(Closure))
#44 C:\\Users\\USER\\Downloads\\web-positron-main\\web-positron-main\\vendor\\laravel\\framework\\src\\Illuminate\\Pipeline\\Pipeline.php(208): Illuminate\\Foundation\\Http\\Middleware\\TrimStrings->handle(Object(Illuminate\\Http\\Request), Object(Closure))
#45 C:\\Users\\USER\\Downloads\\web-positron-main\\web-positron-main\\vendor\\laravel\\framework\\src\\Illuminate\\Http\\Middleware\\ValidatePostSize.php(27): Illuminate\\Pipeline\\Pipeline->Illuminate\\Pipeline\\{closure}(Object(Illuminate\\Http\\Request))
#46 C:\\Users\\USER\\Downloads\\web-positron-main\\web-positron-main\\vendor\\laravel\\framework\\src\\Illuminate\\Pipeline\\Pipeline.php(208): Illuminate\\Http\\Middleware\\ValidatePostSize->handle(Object(Illuminate\\Http\\Request), Object(Closure))
#47 C:\\Users\\USER\\Downloads\\web-positron-main\\web-positron-main\\vendor\\laravel\\framework\\src\\Illuminate\\Foundation\\Http\\Middleware\\PreventRequestsDuringMaintenance.php(109): Illuminate\\Pipeline\\Pipeline->Illuminate\\Pipeline\\{closure}(Object(Illuminate\\Http\\Request))
#48 C:\\Users\\USER\\Downloads\\web-positron-main\\web-positron-main\\vendor\\laravel\\framework\\src\\Illuminate\\Pipeline\\Pipeline.php(208): Illuminate\\Foundation\\Http\\Middleware\\PreventRequestsDuringMaintenance->handle(Object(Illuminate\\Http\\Request), Object(Closure))
#49 C:\\Users\\USER\\Downloads\\web-positron-main\\web-positron-main\\vendor\\laravel\\framework\\src\\Illuminate\\Http\\Middleware\\HandleCors.php(48): Illuminate\\Pipeline\\Pipeline->Illuminate\\Pipeline\\{closure}(Object(Illuminate\\Http\\Request))
#50 C:\\Users\\USER\\Downloads\\web-positron-main\\web-positron-main\\vendor\\laravel\\framework\\src\\Illuminate\\Pipeline\\Pipeline.php(208): Illuminate\\Http\\Middleware\\HandleCors->handle(Object(Illuminate\\Http\\Request), Object(Closure))
#51 C:\\Users\\USER\\Downloads\\web-positron-main\\web-positron-main\\vendor\\laravel\\framework\\src\\Illuminate\\Http\\Middleware\\TrustProxies.php(58): Illuminate\\Pipeline\\Pipeline->Illuminate\\Pipeline\\{closure}(Object(Illuminate\\Http\\Request))
#52 C:\\Users\\USER\\Downloads\\web-positron-main\\web-positron-main\\vendor\\laravel\\framework\\src\\Illuminate\\Pipeline\\Pipeline.php(208): Illuminate\\Http\\Middleware\\TrustProxies->handle(Object(Illuminate\\Http\\Request), Object(Closure))
#53 C:\\Users\\USER\\Downloads\\web-positron-main\\web-positron-main\\vendor\\laravel\\framework\\src\\Illuminate\\Foundation\\Http\\Middleware\\InvokeDeferredCallbacks.php(22): Illuminate\\Pipeline\\Pipeline->Illuminate\\Pipeline\\{closure}(Object(Illuminate\\Http\\Request))
#54 C:\\Users\\USER\\Downloads\\web-positron-main\\web-positron-main\\vendor\\laravel\\framework\\src\\Illuminate\\Pipeline\\Pipeline.php(208): Illuminate\\Foundation\\Http\\Middleware\\InvokeDeferredCallbacks->handle(Object(Illuminate\\Http\\Request), Object(Closure))
#55 C:\\Users\\USER\\Downloads\\web-positron-main\\web-positron-main\\vendor\\laravel\\framework\\src\\Illuminate\\Http\\Middleware\\ValidatePathEncoding.php(26): Illuminate\\Pipeline\\Pipeline->Illuminate\\Pipeline\\{closure}(Object(Illuminate\\Http\\Request))
#56 C:\\Users\\USER\\Downloads\\web-positron-main\\web-positron-main\\vendor\\laravel\\framework\\src\\Illuminate\\Pipeline\\Pipeline.php(208): Illuminate\\Http\\Middleware\\ValidatePathEncoding->handle(Object(Illuminate\\Http\\Request), Object(Closure))
#57 C:\\Users\\USER\\Downloads\\web-positron-main\\web-positron-main\\vendor\\laravel\\framework\\src\\Illuminate\\Pipeline\\Pipeline.php(126): Illuminate\\Pipeline\\Pipeline->Illuminate\\Pipeline\\{closure}(Object(Illuminate\\Http\\Request))
#58 C:\\Users\\USER\\Downloads\\web-positron-main\\web-positron-main\\vendor\\laravel\\framework\\src\\Illuminate\\Foundation\\Http\\Kernel.php(175): Illuminate\\Pipeline\\Pipeline->then(Object(Closure))
#59 C:\\Users\\USER\\Downloads\\web-positron-main\\web-positron-main\\vendor\\laravel\\framework\\src\\Illuminate\\Foundation\\Http\\Kernel.php(144): Illuminate\\Foundation\\Http\\Kernel->sendRequestThroughRouter(Object(Illuminate\\Http\\Request))
#60 C:\\Users\\USER\\Downloads\\web-positron-main\\web-positron-main\\vendor\\laravel\\framework\\src\\Illuminate\\Foundation\\Application.php(1219): Illuminate\\Foundation\\Http\\Kernel->handle(Object(Illuminate\\Http\\Request))
#61 C:\\Users\\USER\\Downloads\\web-positron-main\\web-positron-main\\public\\index.php(20): Illuminate\\Foundation\\Application->handleRequest(Object(Illuminate\\Http\\Request))
#62 C:\\Users\\USER\\Downloads\\web-positron-main\\web-positron-main\\vendor\\laravel\\framework\\src\\Illuminate\\Foundation\\resources\\server.php(23): require_once('C:\\\\Users\\\\USER\\\\D...')
#63 {main}

[previous exception] [object] (InvalidArgumentException(code: 0): View [app.js] not found. at C:\\Users\\USER\\Downloads\\web-positron-main\\web-positron-main\\vendor\\laravel\\framework\\src\\Illuminate\\View\\FileViewFinder.php:138)
[stacktrace]
#0 C:\\Users\\USER\\Downloads\\web-positron-main\\web-positron-main\\vendor\\laravel\\framework\\src\\Illuminate\\View\\FileViewFinder.php(78): Illuminate\\View\\FileViewFinder->findInPaths('app.js', Array)
#1 C:\\Users\\USER\\Downloads\\web-positron-main\\web-positron-main\\vendor\\laravel\\framework\\src\\Illuminate\\View\\Factory.php(150): Illuminate\\View\\FileViewFinder->find('app.js')
#2 C:\\Users\\USER\\Downloads\\web-positron-main\\web-positron-main\\storage\\framework\\views\\0be05a65c681198d9addef58f6797f69.php(266): Illuminate\\View\\Factory->make('app.js', Array)
#3 C:\\Users\\USER\\Downloads\\web-positron-main\\web-positron-main\\vendor\\laravel\\framework\\src\\Illuminate\\Filesystem\\Filesystem.php(123): require('C:\\\\Users\\\\USER\\\\D...')
#4 C:\\Users\\USER\\Downloads\\web-positron-main\\web-positron-main\\vendor\\laravel\\framework\\src\\Illuminate\\Filesystem\\Filesystem.php(124): Illuminate\\Filesystem\\Filesystem::Illuminate\\Filesystem\\{closure}()
#5 C:\\Users\\USER\\Downloads\\web-positron-main\\web-positron-main\\vendor\\laravel\\framework\\src\\Illuminate\\View\\Engines\\PhpEngine.php(57): Illuminate\\Filesystem\\Filesystem->getRequire('C:\\\\Users\\\\USER\\\\D...', Array)
#6 C:\\Users\\USER\\Downloads\\web-positron-main\\web-positron-main\\vendor\\laravel\\framework\\src\\Illuminate\\View\\Engines\\CompilerEngine.php(74): Illuminate\\View\\Engines\\PhpEngine->evaluatePath('C:\\\\Users\\\\USER\\\\D...', Array)
#7 C:\\Users\\USER\\Downloads\\web-positron-main\\web-positron-main\\vendor\\laravel\\framework\\src\\Illuminate\\View\\View.php(208): Illuminate\\View\\Engines\\CompilerEngine->get('C:\\\\Users\\\\USER\\\\D...', Array)
#8 C:\\Users\\USER\\Downloads\\web-positron-main\\web-positron-main\\vendor\\laravel\\framework\\src\\Illuminate\\View\\View.php(191): Illuminate\\View\\View->getContents()
#9 C:\\Users\\USER\\Downloads\\web-positron-main\\web-positron-main\\vendor\\laravel\\framework\\src\\Illuminate\\View\\View.php(160): Illuminate\\View\\View->renderContents()
#10 C:\\Users\\USER\\Downloads\\web-positron-main\\web-positron-main\\storage\\framework\\views\\d8a12e096c8050ca493bbaeecc3e50f4.php(682): Illuminate\\View\\View->render()
#11 C:\\Users\\USER\\Downloads\\web-positron-main\\web-positron-main\\vendor\\laravel\\framework\\src\\Illuminate\\Filesystem\\Filesystem.php(123): require('C:\\\\Users\\\\USER\\\\D...')
#12 C:\\Users\\USER\\Downloads\\web-positron-main\\web-positron-main\\vendor\\laravel\\framework\\src\\Illuminate\\Filesystem\\Filesystem.php(124): Illuminate\\Filesystem\\Filesystem::Illuminate\\Filesystem\\{closure}()
#13 C:\\Users\\USER\\Downloads\\web-positron-main\\web-positron-main\\vendor\\laravel\\framework\\src\\Illuminate\\View\\Engines\\PhpEngine.php(57): Illuminate\\Filesystem\\Filesystem->getRequire('C:\\\\Users\\\\USER\\\\D...', Array)
#14 C:\\Users\\USER\\Downloads\\web-positron-main\\web-positron-main\\vendor\\laravel\\framework\\src\\Illuminate\\View\\Engines\\CompilerEngine.php(74): Illuminate\\View\\Engines\\PhpEngine->evaluatePath('C:\\\\Users\\\\USER\\\\D...', Array)
#15 C:\\Users\\USER\\Downloads\\web-positron-main\\web-positron-main\\vendor\\laravel\\framework\\src\\Illuminate\\View\\View.php(208): Illuminate\\View\\Engines\\CompilerEngine->get('C:\\\\Users\\\\USER\\\\D...', Array)
#16 C:\\Users\\USER\\Downloads\\web-positron-main\\web-positron-main\\vendor\\laravel\\framework\\src\\Illuminate\\View\\View.php(191): Illuminate\\View\\View->getContents()
#17 C:\\Users\\USER\\Downloads\\web-positron-main\\web-positron-main\\vendor\\laravel\\framework\\src\\Illuminate\\View\\View.php(160): Illuminate\\View\\View->renderContents()
#18 C:\\Users\\USER\\Downloads\\web-positron-main\\web-positron-main\\vendor\\laravel\\framework\\src\\Illuminate\\Http\\Response.php(78): Illuminate\\View\\View->render()
#19 C:\\Users\\USER\\Downloads\\web-positron-main\\web-positron-main\\vendor\\laravel\\framework\\src\\Illuminate\\Http\\Response.php(34): Illuminate\\Http\\Response->setContent(Object(Illuminate\\View\\View))
#20 C:\\Users\\USER\\Downloads\\web-positron-main\\web-positron-main\\vendor\\laravel\\framework\\src\\Illuminate\\Routing\\Router.php(924): Illuminate\\Http\\Response->__construct(Object(Illuminate\\View\\View), 200, Array)
#21 C:\\Users\\USER\\Downloads\\web-positron-main\\web-positron-main\\vendor\\laravel\\framework\\src\\Illuminate\\Routing\\Router.php(891): Illuminate\\Routing\\Router::toResponse(Object(Illuminate\\Http\\Request), Object(Illuminate\\View\\View))
#22 C:\\Users\\USER\\Downloads\\web-positron-main\\web-positron-main\\vendor\\laravel\\framework\\src\\Illuminate\\Routing\\Router.php(807): Illuminate\\Routing\\Router->prepareResponse(Object(Illuminate\\Http\\Request), Object(Illuminate\\View\\View))
#23 C:\\Users\\USER\\Downloads\\web-positron-main\\web-positron-main\\vendor\\laravel\\framework\\src\\Illuminate\\Pipeline\\Pipeline.php(169): Illuminate\\Routing\\Router->Illuminate\\Routing\\{closure}(Object(Illuminate\\Http\\Request))
#24 C:\\Users\\USER\\Downloads\\web-positron-main\\web-positron-main\\vendor\\laravel\\framework\\src\\Illuminate\\Routing\\Middleware\\SubstituteBindings.php(50): Illuminate\\Pipeline\\Pipeline->Illuminate\\Pipeline\\{closure}(Object(Illuminate\\Http\\Request))
#25 C:\\Users\\USER\\Downloads\\web-positron-main\\web-positron-main\\vendor\\laravel\\framework\\src\\Illuminate\\Pipeline\\Pipeline.php(208): Illuminate\\Routing\\Middleware\\SubstituteBindings->handle(Object(Illuminate\\Http\\Request), Object(Closure))
#26 C:\\Users\\USER\\Downloads\\web-positron-main\\web-positron-main\\vendor\\laravel\\framework\\src\\Illuminate\\Foundation\\Http\\Middleware\\VerifyCsrfToken.php(87): Illuminate\\Pipeline\\Pipeline->Illuminate\\Pipeline\\{closure}(Object(Illuminate\\Http\\Request))
#27 C:\\Users\\USER\\Downloads\\web-positron-main\\web-positron-main\\vendor\\laravel\\framework\\src\\Illuminate\\Pipeline\\Pipeline.php(208): Illuminate\\Foundation\\Http\\Middleware\\VerifyCsrfToken->handle(Object(Illuminate\\Http\\Request), Object(Closure))
#28 C:\\Users\\USER\\Downloads\\web-positron-main\\web-positron-main\\vendor\\laravel\\framework\\src\\Illuminate\\View\\Middleware\\ShareErrorsFromSession.php(48): Illuminate\\Pipeline\\Pipeline->Illuminate\\Pipeline\\{closure}(Object(Illuminate\\Http\\Request))
#29 C:\\Users\\USER\\Downloads\\web-positron-main\\web-positron-main\\vendor\\laravel\\framework\\src\\Illuminate\\Pipeline\\Pipeline.php(208): Illuminate\\View\\Middleware\\ShareErrorsFromSession->handle(Object(Illuminate\\Http\\Request), Object(Closure))
#30 C:\\Users\\USER\\Downloads\\web-positron-main\\web-positron-main\\vendor\\laravel\\framework\\src\\Illuminate\\Session\\Middleware\\StartSession.php(120): Illuminate\\Pipeline\\Pipeline->Illuminate\\Pipeline\\{closure}(Object(Illuminate\\Http\\Request))
#31 C:\\Users\\USER\\Downloads\\web-positron-main\\web-positron-main\\vendor\\laravel\\framework\\src\\Illuminate\\Session\\Middleware\\StartSession.php(63): Illuminate\\Session\\Middleware\\StartSession->handleStatefulRequest(Object(Illuminate\\Http\\Request), Object(Illuminate\\Session\\Store), Object(Closure))
#32 C:\\Users\\USER\\Downloads\\web-positron-main\\web-positron-main\\vendor\\laravel\\framework\\src\\Illuminate\\Pipeline\\Pipeline.php(208): Illuminate\\Session\\Middleware\\StartSession->handle(Object(Illuminate\\Http\\Request), Object(Closure))
#33 C:\\Users\\USER\\Downloads\\web-positron-main\\web-positron-main\\vendor\\laravel\\framework\\src\\Illuminate\\Cookie\\Middleware\\AddQueuedCookiesToResponse.php(36): Illuminate\\Pipeline\\Pipeline->Illuminate\\Pipeline\\{closure}(Object(Illuminate\\Http\\Request))
#34 C:\\Users\\USER\\Downloads\\web-positron-main\\web-positron-main\\vendor\\laravel\\framework\\src\\Illuminate\\Pipeline\\Pipeline.php(208): Illuminate\\Cookie\\Middleware\\AddQueuedCookiesToResponse->handle(Object(Illuminate\\Http\\Request), Object(Closure))
#35 C:\\Users\\USER\\Downloads\\web-positron-main\\web-positron-main\\vendor\\laravel\\framework\\src\\Illuminate\\Cookie\\Middleware\\EncryptCookies.php(74): Illuminate\\Pipeline\\Pipeline->Illuminate\\Pipeline\\{closure}(Object(Illuminate\\Http\\Request))
#36 C:\\Users\\USER\\Downloads\\web-positron-main\\web-positron-main\\vendor\\laravel\\framework\\src\\Illuminate\\Pipeline\\Pipeline.php(208): Illuminate\\Cookie\\Middleware\\EncryptCookies->handle(Object(Illuminate\\Http\\Request), Object(Closure))
#37 C:\\Users\\USER\\Downloads\\web-positron-main\\web-positron-main\\vendor\\laravel\\framework\\src\\Illuminate\\Pipeline\\Pipeline.php(126): Illuminate\\Pipeline\\Pipeline->Illuminate\\Pipeline\\{closure}(Object(Illuminate\\Http\\Request))
#38 C:\\Users\\USER\\Downloads\\web-positron-main\\web-positron-main\\vendor\\laravel\\framework\\src\\Illuminate\\Routing\\Router.php(807): Illuminate\\Pipeline\\Pipeline->then(Object(Closure))
#39 C:\\Users\\USER\\Downloads\\web-positron-main\\web-positron-main\\vendor\\laravel\\framework\\src\\Illuminate\\Routing\\Router.php(786): Illuminate\\Routing\\Router->runRouteWithinStack(Object(Illuminate\\Routing\\Route), Object(Illuminate\\Http\\Request))
#40 C:\\Users\\USER\\Downloads\\web-positron-main\\web-positron-main\\vendor\\laravel\\framework\\src\\Illuminate\\Routing\\Router.php(750): Illuminate\\Routing\\Router->runRoute(Object(Illuminate\\Http\\Request), Object(Illuminate\\Routing\\Route))
#41 C:\\Users\\USER\\Downloads\\web-positron-main\\web-positron-main\\vendor\\laravel\\framework\\src\\Illuminate\\Routing\\Router.php(739): Illuminate\\Routing\\Router->dispatchToRoute(Object(Illuminate\\Http\\Request))
#42 C:\\Users\\USER\\Downloads\\web-positron-main\\web-positron-main\\vendor\\laravel\\framework\\src\\Illuminate\\Foundation\\Http\\Kernel.php(200): Illuminate\\Routing\\Router->dispatch(Object(Illuminate\\Http\\Request))
#43 C:\\Users\\USER\\Downloads\\web-positron-main\\web-positron-main\\vendor\\laravel\\framework\\src\\Illuminate\\Pipeline\\Pipeline.php(169): Illuminate\\Foundation\\Http\\Kernel->Illuminate\\Foundation\\Http\\{closure}(Object(Illuminate\\Http\\Request))
#44 C:\\Users\\USER\\Downloads\\web-positron-main\\web-positron-main\\vendor\\laravel\\framework\\src\\Illuminate\\Foundation\\Http\\Middleware\\TransformsRequest.php(21): Illuminate\\Pipeline\\Pipeline->Illuminate\\Pipeline\\{closure}(Object(Illuminate\\Http\\Request))
#45 C:\\Users\\USER\\Downloads\\web-positron-main\\web-positron-main\\vendor\\laravel\\framework\\src\\Illuminate\\Foundation\\Http\\Middleware\\ConvertEmptyStringsToNull.php(31): Illuminate\\Foundation\\Http\\Middleware\\TransformsRequest->handle(Object(Illuminate\\Http\\Request), Object(Closure))
#46 C:\\Users\\USER\\Downloads\\web-positron-main\\web-positron-main\\vendor\\laravel\\framework\\src\\Illuminate\\Pipeline\\Pipeline.php(208): Illuminate\\Foundation\\Http\\Middleware\\ConvertEmptyStringsToNull->handle(Object(Illuminate\\Http\\Request), Object(Closure))
#47 C:\\Users\\USER\\Downloads\\web-positron-main\\web-positron-main\\vendor\\laravel\\framework\\src\\Illuminate\\Foundation\\Http\\Middleware\\TransformsRequest.php(21): Illuminate\\Pipeline\\Pipeline->Illuminate\\Pipeline\\{closure}(Object(Illuminate\\Http\\Request))
#48 C:\\Users\\USER\\Downloads\\web-positron-main\\web-positron-main\\vendor\\laravel\\framework\\src\\Illuminate\\Foundation\\Http\\Middleware\\TrimStrings.php(51): Illuminate\\Foundation\\Http\\Middleware\\TransformsRequest->handle(Object(Illuminate\\Http\\Request), Object(Closure))
#49 C:\\Users\\USER\\Downloads\\web-positron-main\\web-positron-main\\vendor\\laravel\\framework\\src\\Illuminate\\Pipeline\\Pipeline.php(208): Illuminate\\Foundation\\Http\\Middleware\\TrimStrings->handle(Object(Illuminate\\Http\\Request), Object(Closure))
#50 C:\\Users\\USER\\Downloads\\web-positron-main\\web-positron-main\\vendor\\laravel\\framework\\src\\Illuminate\\Http\\Middleware\\ValidatePostSize.php(27): Illuminate\\Pipeline\\Pipeline->Illuminate\\Pipeline\\{closure}(Object(Illuminate\\Http\\Request))
#51 C:\\Users\\USER\\Downloads\\web-positron-main\\web-positron-main\\vendor\\laravel\\framework\\src\\Illuminate\\Pipeline\\Pipeline.php(208): Illuminate\\Http\\Middleware\\ValidatePostSize->handle(Object(Illuminate\\Http\\Request), Object(Closure))
#52 C:\\Users\\USER\\Downloads\\web-positron-main\\web-positron-main\\vendor\\laravel\\framework\\src\\Illuminate\\Foundation\\Http\\Middleware\\PreventRequestsDuringMaintenance.php(109): Illuminate\\Pipeline\\Pipeline->Illuminate\\Pipeline\\{closure}(Object(Illuminate\\Http\\Request))
#53 C:\\Users\\USER\\Downloads\\web-positron-main\\web-positron-main\\vendor\\laravel\\framework\\src\\Illuminate\\Pipeline\\Pipeline.php(208): Illuminate\\Foundation\\Http\\Middleware\\PreventRequestsDuringMaintenance->handle(Object(Illuminate\\Http\\Request), Object(Closure))
#54 C:\\Users\\USER\\Downloads\\web-positron-main\\web-positron-main\\vendor\\laravel\\framework\\src\\Illuminate\\Http\\Middleware\\HandleCors.php(48): Illuminate\\Pipeline\\Pipeline->Illuminate\\Pipeline\\{closure}(Object(Illuminate\\Http\\Request))
#55 C:\\Users\\USER\\Downloads\\web-positron-main\\web-positron-main\\vendor\\laravel\\framework\\src\\Illuminate\\Pipeline\\Pipeline.php(208): Illuminate\\Http\\Middleware\\HandleCors->handle(Object(Illuminate\\Http\\Request), Object(Closure))
#56 C:\\Users\\USER\\Downloads\\web-positron-main\\web-positron-main\\vendor\\laravel\\framework\\src\\Illuminate\\Http\\Middleware\\TrustProxies.php(58): Illuminate\\Pipeline\\Pipeline->Illuminate\\Pipeline\\{closure}(Object(Illuminate\\Http\\Request))
#57 C:\\Users\\USER\\Downloads\\web-positron-main\\web-positron-main\\vendor\\laravel\\framework\\src\\Illuminate\\Pipeline\\Pipeline.php(208): Illuminate\\Http\\Middleware\\TrustProxies->handle(Object(Illuminate\\Http\\Request), Object(Closure))
#58 C:\\Users\\USER\\Downloads\\web-positron-main\\web-positron-main\\vendor\\laravel\\framework\\src\\Illuminate\\Foundation\\Http\\Middleware\\InvokeDeferredCallbacks.php(22): Illuminate\\Pipeline\\Pipeline->Illuminate\\Pipeline\\{closure}(Object(Illuminate\\Http\\Request))
#59 C:\\Users\\USER\\Downloads\\web-positron-main\\web-positron-main\\vendor\\laravel\\framework\\src\\Illuminate\\Pipeline\\Pipeline.php(208): Illuminate\\Foundation\\Http\\Middleware\\InvokeDeferredCallbacks->handle(Object(Illuminate\\Http\\Request), Object(Closure))
#60 C:\\Users\\USER\\Downloads\\web-positron-main\\web-positron-main\\vendor\\laravel\\framework\\src\\Illuminate\\Http\\Middleware\\ValidatePathEncoding.php(26): Illuminate\\Pipeline\\Pipeline->Illuminate\\Pipeline\\{closure}(Object(Illuminate\\Http\\Request))
#61 C:\\Users\\USER\\Downloads\\web-positron-main\\web-positron-main\\vendor\\laravel\\framework\\src\\Illuminate\\Pipeline\\Pipeline.php(208): Illuminate\\Http\\Middleware\\ValidatePathEncoding->handle(Object(Illuminate\\Http\\Request), Object(Closure))
#62 C:\\Users\\USER\\Downloads\\web-positron-main\\web-positron-main\\vendor\\laravel\\framework\\src\\Illuminate\\Pipeline\\Pipeline.php(126): Illuminate\\Pipeline\\Pipeline->Illuminate\\Pipeline\\{closure}(Object(Illuminate\\Http\\Request))
#63 C:\\Users\\USER\\Downloads\\web-positron-main\\web-positron-main\\vendor\\laravel\\framework\\src\\Illuminate\\Foundation\\Http\\Kernel.php(175): Illuminate\\Pipeline\\Pipeline->then(Object(Closure))
#64 C:\\Users\\USER\\Downloads\\web-positron-main\\web-positron-main\\vendor\\laravel\\framework\\src\\Illuminate\\Foundation\\Http\\Kernel.php(144): Illuminate\\Foundation\\Http\\Kernel->sendRequestThroughRouter(Object(Illuminate\\Http\\Request))
#65 C:\\Users\\USER\\Downloads\\web-positron-main\\web-positron-main\\vendor\\laravel\\framework\\src\\Illuminate\\Foundation\\Application.php(1219): Illuminate\\Foundation\\Http\\Kernel->handle(Object(Illuminate\\Http\\Request))
#66 C:\\Users\\USER\\Downloads\\web-positron-main\\web-positron-main\\public\\index.php(20): Illuminate\\Foundation\\Application->handleRequest(Object(Illuminate\\Http\\Request))
#67 C:\\Users\\USER\\Downloads\\web-positron-main\\web-positron-main\\vendor\\laravel\\framework\\src\\Illuminate\\Foundation\\resources\\server.php(23): require_once('C:\\\\Users\\\\USER\\\\D...')
#68 {main}
"} 
[2025-07-07 22:49:46] local.ERROR: Allowed memory size of 536870912 bytes exhausted (tried to allocate 49152 bytes) {"exception":"[object] (Symfony\\Component\\ErrorHandler\\Error\\FatalError(code: 0): Allowed memory size of 536870912 bytes exhausted (tried to allocate 49152 bytes) at C:\\Users\\USER\\Downloads\\web-positron-main\\web-positron-main\\storage\\framework\\views\\0be05a65c681198d9addef58f6797f69.php:212)
[stacktrace]
#0 {main}
"} 
[2025-07-09 02:36:20] local.ERROR: SQLSTATE[HY000] [2002] No connection could be made because the target machine actively refused it (Connection: mysql, SQL: select * from `sessions` where `id` = PbGlEzc6sjRwNw6AVjHttOQsX1OrDNYiTUn27jw7 limit 1) {"exception":"[object] (Illuminate\\Database\\QueryException(code: 2002): SQLSTATE[HY000] [2002] No connection could be made because the target machine actively refused it (Connection: mysql, SQL: select * from `sessions` where `id` = PbGlEzc6sjRwNw6AVjHttOQsX1OrDNYiTUn27jw7 limit 1) at C:\\Users\\USER\\Downloads\\web-positron-main\\web-positron-main\\vendor\\laravel\\framework\\src\\Illuminate\\Database\\Connection.php:822)
[stacktrace]
#0 C:\\Users\\USER\\Downloads\\web-positron-main\\web-positron-main\\vendor\\laravel\\framework\\src\\Illuminate\\Database\\Connection.php(976): Illuminate\\Database\\Connection->runQueryCallback('select * from `...', Array, Object(Closure))
#1 C:\\Users\\USER\\Downloads\\web-positron-main\\web-positron-main\\vendor\\laravel\\framework\\src\\Illuminate\\Database\\Connection.php(955): Illuminate\\Database\\Connection->tryAgainIfCausedByLostConnection(Object(Illuminate\\Database\\QueryException), 'select * from `...', Array, Object(Closure))
#2 C:\\Users\\USER\\Downloads\\web-positron-main\\web-positron-main\\vendor\\laravel\\framework\\src\\Illuminate\\Database\\Connection.php(778): Illuminate\\Database\\Connection->handleQueryException(Object(Illuminate\\Database\\QueryException), 'select * from `...', Array, Object(Closure))
#3 C:\\Users\\USER\\Downloads\\web-positron-main\\web-positron-main\\vendor\\laravel\\framework\\src\\Illuminate\\Database\\Connection.php(395): Illuminate\\Database\\Connection->run('select * from `...', Array, Object(Closure))
#4 C:\\Users\\USER\\Downloads\\web-positron-main\\web-positron-main\\vendor\\laravel\\framework\\src\\Illuminate\\Database\\Query\\Builder.php(3131): Illuminate\\Database\\Connection->select('select * from `...', Array, false)
#5 C:\\Users\\USER\\Downloads\\web-positron-main\\web-positron-main\\vendor\\laravel\\framework\\src\\Illuminate\\Database\\Query\\Builder.php(3116): Illuminate\\Database\\Query\\Builder->runSelect()
#6 C:\\Users\\USER\\Downloads\\web-positron-main\\web-positron-main\\vendor\\laravel\\framework\\src\\Illuminate\\Database\\Query\\Builder.php(3706): Illuminate\\Database\\Query\\Builder->Illuminate\\Database\\Query\\{closure}()
#7 C:\\Users\\USER\\Downloads\\web-positron-main\\web-positron-main\\vendor\\laravel\\framework\\src\\Illuminate\\Database\\Query\\Builder.php(3115): Illuminate\\Database\\Query\\Builder->onceWithColumns(Array, Object(Closure))
#8 C:\\Users\\USER\\Downloads\\web-positron-main\\web-positron-main\\vendor\\laravel\\framework\\src\\Illuminate\\Database\\Concerns\\BuildsQueries.php(366): Illuminate\\Database\\Query\\Builder->get(Array)
#9 C:\\Users\\USER\\Downloads\\web-positron-main\\web-positron-main\\vendor\\laravel\\framework\\src\\Illuminate\\Database\\Query\\Builder.php(3038): Illuminate\\Database\\Query\\Builder->first(Array)
#10 C:\\Users\\USER\\Downloads\\web-positron-main\\web-positron-main\\vendor\\laravel\\framework\\src\\Illuminate\\Session\\DatabaseSessionHandler.php(96): Illuminate\\Database\\Query\\Builder->find('PbGlEzc6sjRwNw6...')
#11 C:\\Users\\USER\\Downloads\\web-positron-main\\web-positron-main\\vendor\\laravel\\framework\\src\\Illuminate\\Session\\Store.php(116): Illuminate\\Session\\DatabaseSessionHandler->read('PbGlEzc6sjRwNw6...')
#12 C:\\Users\\USER\\Downloads\\web-positron-main\\web-positron-main\\vendor\\laravel\\framework\\src\\Illuminate\\Session\\Store.php(104): Illuminate\\Session\\Store->readFromHandler()
#13 C:\\Users\\USER\\Downloads\\web-positron-main\\web-positron-main\\vendor\\laravel\\framework\\src\\Illuminate\\Session\\Store.php(88): Illuminate\\Session\\Store->loadSession()
#14 C:\\Users\\USER\\Downloads\\web-positron-main\\web-positron-main\\vendor\\laravel\\framework\\src\\Illuminate\\Session\\Middleware\\StartSession.php(146): Illuminate\\Session\\Store->start()
#15 C:\\Users\\USER\\Downloads\\web-positron-main\\web-positron-main\\vendor\\laravel\\framework\\src\\Illuminate\\Support\\helpers.php(399): Illuminate\\Session\\Middleware\\StartSession->Illuminate\\Session\\Middleware\\{closure}(Object(Illuminate\\Session\\Store))
#16 C:\\Users\\USER\\Downloads\\web-positron-main\\web-positron-main\\vendor\\laravel\\framework\\src\\Illuminate\\Session\\Middleware\\StartSession.php(143): tap(Object(Illuminate\\Session\\Store), Object(Closure))
#17 C:\\Users\\USER\\Downloads\\web-positron-main\\web-positron-main\\vendor\\laravel\\framework\\src\\Illuminate\\Session\\Middleware\\StartSession.php(115): Illuminate\\Session\\Middleware\\StartSession->startSession(Object(Illuminate\\Http\\Request), Object(Illuminate\\Session\\Store))
#18 C:\\Users\\USER\\Downloads\\web-positron-main\\web-positron-main\\vendor\\laravel\\framework\\src\\Illuminate\\Session\\Middleware\\StartSession.php(63): Illuminate\\Session\\Middleware\\StartSession->handleStatefulRequest(Object(Illuminate\\Http\\Request), Object(Illuminate\\Session\\Store), Object(Closure))
#19 C:\\Users\\USER\\Downloads\\web-positron-main\\web-positron-main\\vendor\\laravel\\framework\\src\\Illuminate\\Pipeline\\Pipeline.php(208): Illuminate\\Session\\Middleware\\StartSession->handle(Object(Illuminate\\Http\\Request), Object(Closure))
#20 C:\\Users\\USER\\Downloads\\web-positron-main\\web-positron-main\\vendor\\laravel\\framework\\src\\Illuminate\\Cookie\\Middleware\\AddQueuedCookiesToResponse.php(36): Illuminate\\Pipeline\\Pipeline->Illuminate\\Pipeline\\{closure}(Object(Illuminate\\Http\\Request))
#21 C:\\Users\\USER\\Downloads\\web-positron-main\\web-positron-main\\vendor\\laravel\\framework\\src\\Illuminate\\Pipeline\\Pipeline.php(208): Illuminate\\Cookie\\Middleware\\AddQueuedCookiesToResponse->handle(Object(Illuminate\\Http\\Request), Object(Closure))
#22 C:\\Users\\USER\\Downloads\\web-positron-main\\web-positron-main\\vendor\\laravel\\framework\\src\\Illuminate\\Cookie\\Middleware\\EncryptCookies.php(74): Illuminate\\Pipeline\\Pipeline->Illuminate\\Pipeline\\{closure}(Object(Illuminate\\Http\\Request))
#23 C:\\Users\\USER\\Downloads\\web-positron-main\\web-positron-main\\vendor\\laravel\\framework\\src\\Illuminate\\Pipeline\\Pipeline.php(208): Illuminate\\Cookie\\Middleware\\EncryptCookies->handle(Object(Illuminate\\Http\\Request), Object(Closure))
#24 C:\\Users\\USER\\Downloads\\web-positron-main\\web-positron-main\\vendor\\laravel\\framework\\src\\Illuminate\\Pipeline\\Pipeline.php(126): Illuminate\\Pipeline\\Pipeline->Illuminate\\Pipeline\\{closure}(Object(Illuminate\\Http\\Request))
#25 C:\\Users\\USER\\Downloads\\web-positron-main\\web-positron-main\\vendor\\laravel\\framework\\src\\Illuminate\\Routing\\Router.php(807): Illuminate\\Pipeline\\Pipeline->then(Object(Closure))
#26 C:\\Users\\USER\\Downloads\\web-positron-main\\web-positron-main\\vendor\\laravel\\framework\\src\\Illuminate\\Routing\\Router.php(786): Illuminate\\Routing\\Router->runRouteWithinStack(Object(Illuminate\\Routing\\Route), Object(Illuminate\\Http\\Request))
#27 C:\\Users\\USER\\Downloads\\web-positron-main\\web-positron-main\\vendor\\laravel\\framework\\src\\Illuminate\\Routing\\Router.php(750): Illuminate\\Routing\\Router->runRoute(Object(Illuminate\\Http\\Request), Object(Illuminate\\Routing\\Route))
#28 C:\\Users\\USER\\Downloads\\web-positron-main\\web-positron-main\\vendor\\laravel\\framework\\src\\Illuminate\\Routing\\Router.php(739): Illuminate\\Routing\\Router->dispatchToRoute(Object(Illuminate\\Http\\Request))
#29 C:\\Users\\USER\\Downloads\\web-positron-main\\web-positron-main\\vendor\\laravel\\framework\\src\\Illuminate\\Foundation\\Http\\Kernel.php(200): Illuminate\\Routing\\Router->dispatch(Object(Illuminate\\Http\\Request))
#30 C:\\Users\\USER\\Downloads\\web-positron-main\\web-positron-main\\vendor\\laravel\\framework\\src\\Illuminate\\Pipeline\\Pipeline.php(169): Illuminate\\Foundation\\Http\\Kernel->Illuminate\\Foundation\\Http\\{closure}(Object(Illuminate\\Http\\Request))
#31 C:\\Users\\USER\\Downloads\\web-positron-main\\web-positron-main\\vendor\\laravel\\framework\\src\\Illuminate\\Foundation\\Http\\Middleware\\TransformsRequest.php(21): Illuminate\\Pipeline\\Pipeline->Illuminate\\Pipeline\\{closure}(Object(Illuminate\\Http\\Request))
#32 C:\\Users\\USER\\Downloads\\web-positron-main\\web-positron-main\\vendor\\laravel\\framework\\src\\Illuminate\\Foundation\\Http\\Middleware\\ConvertEmptyStringsToNull.php(31): Illuminate\\Foundation\\Http\\Middleware\\TransformsRequest->handle(Object(Illuminate\\Http\\Request), Object(Closure))
#33 C:\\Users\\USER\\Downloads\\web-positron-main\\web-positron-main\\vendor\\laravel\\framework\\src\\Illuminate\\Pipeline\\Pipeline.php(208): Illuminate\\Foundation\\Http\\Middleware\\ConvertEmptyStringsToNull->handle(Object(Illuminate\\Http\\Request), Object(Closure))
#34 C:\\Users\\USER\\Downloads\\web-positron-main\\web-positron-main\\vendor\\laravel\\framework\\src\\Illuminate\\Foundation\\Http\\Middleware\\TransformsRequest.php(21): Illuminate\\Pipeline\\Pipeline->Illuminate\\Pipeline\\{closure}(Object(Illuminate\\Http\\Request))
#35 C:\\Users\\USER\\Downloads\\web-positron-main\\web-positron-main\\vendor\\laravel\\framework\\src\\Illuminate\\Foundation\\Http\\Middleware\\TrimStrings.php(51): Illuminate\\Foundation\\Http\\Middleware\\TransformsRequest->handle(Object(Illuminate\\Http\\Request), Object(Closure))
#36 C:\\Users\\USER\\Downloads\\web-positron-main\\web-positron-main\\vendor\\laravel\\framework\\src\\Illuminate\\Pipeline\\Pipeline.php(208): Illuminate\\Foundation\\Http\\Middleware\\TrimStrings->handle(Object(Illuminate\\Http\\Request), Object(Closure))
#37 C:\\Users\\USER\\Downloads\\web-positron-main\\web-positron-main\\vendor\\laravel\\framework\\src\\Illuminate\\Http\\Middleware\\ValidatePostSize.php(27): Illuminate\\Pipeline\\Pipeline->Illuminate\\Pipeline\\{closure}(Object(Illuminate\\Http\\Request))
#38 C:\\Users\\USER\\Downloads\\web-positron-main\\web-positron-main\\vendor\\laravel\\framework\\src\\Illuminate\\Pipeline\\Pipeline.php(208): Illuminate\\Http\\Middleware\\ValidatePostSize->handle(Object(Illuminate\\Http\\Request), Object(Closure))
#39 C:\\Users\\USER\\Downloads\\web-positron-main\\web-positron-main\\vendor\\laravel\\framework\\src\\Illuminate\\Foundation\\Http\\Middleware\\PreventRequestsDuringMaintenance.php(109): Illuminate\\Pipeline\\Pipeline->Illuminate\\Pipeline\\{closure}(Object(Illuminate\\Http\\Request))
#40 C:\\Users\\USER\\Downloads\\web-positron-main\\web-positron-main\\vendor\\laravel\\framework\\src\\Illuminate\\Pipeline\\Pipeline.php(208): Illuminate\\Foundation\\Http\\Middleware\\PreventRequestsDuringMaintenance->handle(Object(Illuminate\\Http\\Request), Object(Closure))
#41 C:\\Users\\USER\\Downloads\\web-positron-main\\web-positron-main\\vendor\\laravel\\framework\\src\\Illuminate\\Http\\Middleware\\HandleCors.php(48): Illuminate\\Pipeline\\Pipeline->Illuminate\\Pipeline\\{closure}(Object(Illuminate\\Http\\Request))
#42 C:\\Users\\USER\\Downloads\\web-positron-main\\web-positron-main\\vendor\\laravel\\framework\\src\\Illuminate\\Pipeline\\Pipeline.php(208): Illuminate\\Http\\Middleware\\HandleCors->handle(Object(Illuminate\\Http\\Request), Object(Closure))
#43 C:\\Users\\USER\\Downloads\\web-positron-main\\web-positron-main\\vendor\\laravel\\framework\\src\\Illuminate\\Http\\Middleware\\TrustProxies.php(58): Illuminate\\Pipeline\\Pipeline->Illuminate\\Pipeline\\{closure}(Object(Illuminate\\Http\\Request))
#44 C:\\Users\\USER\\Downloads\\web-positron-main\\web-positron-main\\vendor\\laravel\\framework\\src\\Illuminate\\Pipeline\\Pipeline.php(208): Illuminate\\Http\\Middleware\\TrustProxies->handle(Object(Illuminate\\Http\\Request), Object(Closure))
#45 C:\\Users\\USER\\Downloads\\web-positron-main\\web-positron-main\\vendor\\laravel\\framework\\src\\Illuminate\\Foundation\\Http\\Middleware\\InvokeDeferredCallbacks.php(22): Illuminate\\Pipeline\\Pipeline->Illuminate\\Pipeline\\{closure}(Object(Illuminate\\Http\\Request))
#46 C:\\Users\\USER\\Downloads\\web-positron-main\\web-positron-main\\vendor\\laravel\\framework\\src\\Illuminate\\Pipeline\\Pipeline.php(208): Illuminate\\Foundation\\Http\\Middleware\\InvokeDeferredCallbacks->handle(Object(Illuminate\\Http\\Request), Object(Closure))
#47 C:\\Users\\USER\\Downloads\\web-positron-main\\web-positron-main\\vendor\\laravel\\framework\\src\\Illuminate\\Http\\Middleware\\ValidatePathEncoding.php(26): Illuminate\\Pipeline\\Pipeline->Illuminate\\Pipeline\\{closure}(Object(Illuminate\\Http\\Request))
#48 C:\\Users\\USER\\Downloads\\web-positron-main\\web-positron-main\\vendor\\laravel\\framework\\src\\Illuminate\\Pipeline\\Pipeline.php(208): Illuminate\\Http\\Middleware\\ValidatePathEncoding->handle(Object(Illuminate\\Http\\Request), Object(Closure))
#49 C:\\Users\\USER\\Downloads\\web-positron-main\\web-positron-main\\vendor\\laravel\\framework\\src\\Illuminate\\Pipeline\\Pipeline.php(126): Illuminate\\Pipeline\\Pipeline->Illuminate\\Pipeline\\{closure}(Object(Illuminate\\Http\\Request))
#50 C:\\Users\\USER\\Downloads\\web-positron-main\\web-positron-main\\vendor\\laravel\\framework\\src\\Illuminate\\Foundation\\Http\\Kernel.php(175): Illuminate\\Pipeline\\Pipeline->then(Object(Closure))
#51 C:\\Users\\USER\\Downloads\\web-positron-main\\web-positron-main\\vendor\\laravel\\framework\\src\\Illuminate\\Foundation\\Http\\Kernel.php(144): Illuminate\\Foundation\\Http\\Kernel->sendRequestThroughRouter(Object(Illuminate\\Http\\Request))
#52 C:\\Users\\USER\\Downloads\\web-positron-main\\web-positron-main\\vendor\\laravel\\framework\\src\\Illuminate\\Foundation\\Application.php(1219): Illuminate\\Foundation\\Http\\Kernel->handle(Object(Illuminate\\Http\\Request))
#53 C:\\Users\\USER\\Downloads\\web-positron-main\\web-positron-main\\public\\index.php(20): Illuminate\\Foundation\\Application->handleRequest(Object(Illuminate\\Http\\Request))
#54 C:\\Users\\USER\\Downloads\\web-positron-main\\web-positron-main\\vendor\\laravel\\framework\\src\\Illuminate\\Foundation\\resources\\server.php(23): require_once('C:\\\\Users\\\\USER\\\\D...')
#55 {main}

[previous exception] [object] (PDOException(code: 2002): SQLSTATE[HY000] [2002] No connection could be made because the target machine actively refused it at C:\\Users\\USER\\Downloads\\web-positron-main\\web-positron-main\\vendor\\laravel\\framework\\src\\Illuminate\\Database\\Connectors\\Connector.php:66)
[stacktrace]
#0 C:\\Users\\USER\\Downloads\\web-positron-main\\web-positron-main\\vendor\\laravel\\framework\\src\\Illuminate\\Database\\Connectors\\Connector.php(66): PDO->__construct('mysql:host=127....', 'root', Object(SensitiveParameterValue), Array)
#1 C:\\Users\\USER\\Downloads\\web-positron-main\\web-positron-main\\vendor\\laravel\\framework\\src\\Illuminate\\Database\\Connectors\\Connector.php(85): Illuminate\\Database\\Connectors\\Connector->createPdoConnection('mysql:host=127....', 'root', Object(SensitiveParameterValue), Array)
#2 C:\\Users\\USER\\Downloads\\web-positron-main\\web-positron-main\\vendor\\laravel\\framework\\src\\Illuminate\\Database\\Connectors\\Connector.php(48): Illuminate\\Database\\Connectors\\Connector->tryAgainIfCausedByLostConnection(Object(PDOException), 'mysql:host=127....', 'root', Object(SensitiveParameterValue), Array)
#3 C:\\Users\\USER\\Downloads\\web-positron-main\\web-positron-main\\vendor\\laravel\\framework\\src\\Illuminate\\Database\\Connectors\\MySqlConnector.php(24): Illuminate\\Database\\Connectors\\Connector->createConnection('mysql:host=127....', Array, Array)
#4 C:\\Users\\USER\\Downloads\\web-positron-main\\web-positron-main\\vendor\\laravel\\framework\\src\\Illuminate\\Database\\Connectors\\ConnectionFactory.php(184): Illuminate\\Database\\Connectors\\MySqlConnector->connect(Array)
#5 [internal function]: Illuminate\\Database\\Connectors\\ConnectionFactory->Illuminate\\Database\\Connectors\\{closure}()
#6 C:\\Users\\USER\\Downloads\\web-positron-main\\web-positron-main\\vendor\\laravel\\framework\\src\\Illuminate\\Database\\Connection.php(1228): call_user_func(Object(Closure))
#7 C:\\Users\\USER\\Downloads\\web-positron-main\\web-positron-main\\vendor\\laravel\\framework\\src\\Illuminate\\Database\\Connection.php(509): Illuminate\\Database\\Connection->getPdo()
#8 C:\\Users\\USER\\Downloads\\web-positron-main\\web-positron-main\\vendor\\laravel\\framework\\src\\Illuminate\\Database\\Connection.php(404): Illuminate\\Database\\Connection->getPdoForSelect(false)
#9 C:\\Users\\USER\\Downloads\\web-positron-main\\web-positron-main\\vendor\\laravel\\framework\\src\\Illuminate\\Database\\Connection.php(809): Illuminate\\Database\\Connection->Illuminate\\Database\\{closure}('select * from `...', Array)
#10 C:\\Users\\USER\\Downloads\\web-positron-main\\web-positron-main\\vendor\\laravel\\framework\\src\\Illuminate\\Database\\Connection.php(976): Illuminate\\Database\\Connection->runQueryCallback('select * from `...', Array, Object(Closure))
#11 C:\\Users\\USER\\Downloads\\web-positron-main\\web-positron-main\\vendor\\laravel\\framework\\src\\Illuminate\\Database\\Connection.php(955): Illuminate\\Database\\Connection->tryAgainIfCausedByLostConnection(Object(Illuminate\\Database\\QueryException), 'select * from `...', Array, Object(Closure))
#12 C:\\Users\\USER\\Downloads\\web-positron-main\\web-positron-main\\vendor\\laravel\\framework\\src\\Illuminate\\Database\\Connection.php(778): Illuminate\\Database\\Connection->handleQueryException(Object(Illuminate\\Database\\QueryException), 'select * from `...', Array, Object(Closure))
#13 C:\\Users\\USER\\Downloads\\web-positron-main\\web-positron-main\\vendor\\laravel\\framework\\src\\Illuminate\\Database\\Connection.php(395): Illuminate\\Database\\Connection->run('select * from `...', Array, Object(Closure))
#14 C:\\Users\\USER\\Downloads\\web-positron-main\\web-positron-main\\vendor\\laravel\\framework\\src\\Illuminate\\Database\\Query\\Builder.php(3131): Illuminate\\Database\\Connection->select('select * from `...', Array, false)
#15 C:\\Users\\USER\\Downloads\\web-positron-main\\web-positron-main\\vendor\\laravel\\framework\\src\\Illuminate\\Database\\Query\\Builder.php(3116): Illuminate\\Database\\Query\\Builder->runSelect()
#16 C:\\Users\\USER\\Downloads\\web-positron-main\\web-positron-main\\vendor\\laravel\\framework\\src\\Illuminate\\Database\\Query\\Builder.php(3706): Illuminate\\Database\\Query\\Builder->Illuminate\\Database\\Query\\{closure}()
#17 C:\\Users\\USER\\Downloads\\web-positron-main\\web-positron-main\\vendor\\laravel\\framework\\src\\Illuminate\\Database\\Query\\Builder.php(3115): Illuminate\\Database\\Query\\Builder->onceWithColumns(Array, Object(Closure))
#18 C:\\Users\\USER\\Downloads\\web-positron-main\\web-positron-main\\vendor\\laravel\\framework\\src\\Illuminate\\Database\\Concerns\\BuildsQueries.php(366): Illuminate\\Database\\Query\\Builder->get(Array)
#19 C:\\Users\\USER\\Downloads\\web-positron-main\\web-positron-main\\vendor\\laravel\\framework\\src\\Illuminate\\Database\\Query\\Builder.php(3038): Illuminate\\Database\\Query\\Builder->first(Array)
#20 C:\\Users\\USER\\Downloads\\web-positron-main\\web-positron-main\\vendor\\laravel\\framework\\src\\Illuminate\\Session\\DatabaseSessionHandler.php(96): Illuminate\\Database\\Query\\Builder->find('PbGlEzc6sjRwNw6...')
#21 C:\\Users\\USER\\Downloads\\web-positron-main\\web-positron-main\\vendor\\laravel\\framework\\src\\Illuminate\\Session\\Store.php(116): Illuminate\\Session\\DatabaseSessionHandler->read('PbGlEzc6sjRwNw6...')
#22 C:\\Users\\USER\\Downloads\\web-positron-main\\web-positron-main\\vendor\\laravel\\framework\\src\\Illuminate\\Session\\Store.php(104): Illuminate\\Session\\Store->readFromHandler()
#23 C:\\Users\\USER\\Downloads\\web-positron-main\\web-positron-main\\vendor\\laravel\\framework\\src\\Illuminate\\Session\\Store.php(88): Illuminate\\Session\\Store->loadSession()
#24 C:\\Users\\USER\\Downloads\\web-positron-main\\web-positron-main\\vendor\\laravel\\framework\\src\\Illuminate\\Session\\Middleware\\StartSession.php(146): Illuminate\\Session\\Store->start()
#25 C:\\Users\\USER\\Downloads\\web-positron-main\\web-positron-main\\vendor\\laravel\\framework\\src\\Illuminate\\Support\\helpers.php(399): Illuminate\\Session\\Middleware\\StartSession->Illuminate\\Session\\Middleware\\{closure}(Object(Illuminate\\Session\\Store))
#26 C:\\Users\\USER\\Downloads\\web-positron-main\\web-positron-main\\vendor\\laravel\\framework\\src\\Illuminate\\Session\\Middleware\\StartSession.php(143): tap(Object(Illuminate\\Session\\Store), Object(Closure))
#27 C:\\Users\\USER\\Downloads\\web-positron-main\\web-positron-main\\vendor\\laravel\\framework\\src\\Illuminate\\Session\\Middleware\\StartSession.php(115): Illuminate\\Session\\Middleware\\StartSession->startSession(Object(Illuminate\\Http\\Request), Object(Illuminate\\Session\\Store))
#28 C:\\Users\\USER\\Downloads\\web-positron-main\\web-positron-main\\vendor\\laravel\\framework\\src\\Illuminate\\Session\\Middleware\\StartSession.php(63): Illuminate\\Session\\Middleware\\StartSession->handleStatefulRequest(Object(Illuminate\\Http\\Request), Object(Illuminate\\Session\\Store), Object(Closure))
#29 C:\\Users\\USER\\Downloads\\web-positron-main\\web-positron-main\\vendor\\laravel\\framework\\src\\Illuminate\\Pipeline\\Pipeline.php(208): Illuminate\\Session\\Middleware\\StartSession->handle(Object(Illuminate\\Http\\Request), Object(Closure))
#30 C:\\Users\\USER\\Downloads\\web-positron-main\\web-positron-main\\vendor\\laravel\\framework\\src\\Illuminate\\Cookie\\Middleware\\AddQueuedCookiesToResponse.php(36): Illuminate\\Pipeline\\Pipeline->Illuminate\\Pipeline\\{closure}(Object(Illuminate\\Http\\Request))
#31 C:\\Users\\USER\\Downloads\\web-positron-main\\web-positron-main\\vendor\\laravel\\framework\\src\\Illuminate\\Pipeline\\Pipeline.php(208): Illuminate\\Cookie\\Middleware\\AddQueuedCookiesToResponse->handle(Object(Illuminate\\Http\\Request), Object(Closure))
#32 C:\\Users\\USER\\Downloads\\web-positron-main\\web-positron-main\\vendor\\laravel\\framework\\src\\Illuminate\\Cookie\\Middleware\\EncryptCookies.php(74): Illuminate\\Pipeline\\Pipeline->Illuminate\\Pipeline\\{closure}(Object(Illuminate\\Http\\Request))
#33 C:\\Users\\USER\\Downloads\\web-positron-main\\web-positron-main\\vendor\\laravel\\framework\\src\\Illuminate\\Pipeline\\Pipeline.php(208): Illuminate\\Cookie\\Middleware\\EncryptCookies->handle(Object(Illuminate\\Http\\Request), Object(Closure))
#34 C:\\Users\\USER\\Downloads\\web-positron-main\\web-positron-main\\vendor\\laravel\\framework\\src\\Illuminate\\Pipeline\\Pipeline.php(126): Illuminate\\Pipeline\\Pipeline->Illuminate\\Pipeline\\{closure}(Object(Illuminate\\Http\\Request))
#35 C:\\Users\\USER\\Downloads\\web-positron-main\\web-positron-main\\vendor\\laravel\\framework\\src\\Illuminate\\Routing\\Router.php(807): Illuminate\\Pipeline\\Pipeline->then(Object(Closure))
#36 C:\\Users\\USER\\Downloads\\web-positron-main\\web-positron-main\\vendor\\laravel\\framework\\src\\Illuminate\\Routing\\Router.php(786): Illuminate\\Routing\\Router->runRouteWithinStack(Object(Illuminate\\Routing\\Route), Object(Illuminate\\Http\\Request))
#37 C:\\Users\\USER\\Downloads\\web-positron-main\\web-positron-main\\vendor\\laravel\\framework\\src\\Illuminate\\Routing\\Router.php(750): Illuminate\\Routing\\Router->runRoute(Object(Illuminate\\Http\\Request), Object(Illuminate\\Routing\\Route))
#38 C:\\Users\\USER\\Downloads\\web-positron-main\\web-positron-main\\vendor\\laravel\\framework\\src\\Illuminate\\Routing\\Router.php(739): Illuminate\\Routing\\Router->dispatchToRoute(Object(Illuminate\\Http\\Request))
#39 C:\\Users\\USER\\Downloads\\web-positron-main\\web-positron-main\\vendor\\laravel\\framework\\src\\Illuminate\\Foundation\\Http\\Kernel.php(200): Illuminate\\Routing\\Router->dispatch(Object(Illuminate\\Http\\Request))
#40 C:\\Users\\USER\\Downloads\\web-positron-main\\web-positron-main\\vendor\\laravel\\framework\\src\\Illuminate\\Pipeline\\Pipeline.php(169): Illuminate\\Foundation\\Http\\Kernel->Illuminate\\Foundation\\Http\\{closure}(Object(Illuminate\\Http\\Request))
#41 C:\\Users\\USER\\Downloads\\web-positron-main\\web-positron-main\\vendor\\laravel\\framework\\src\\Illuminate\\Foundation\\Http\\Middleware\\TransformsRequest.php(21): Illuminate\\Pipeline\\Pipeline->Illuminate\\Pipeline\\{closure}(Object(Illuminate\\Http\\Request))
#42 C:\\Users\\USER\\Downloads\\web-positron-main\\web-positron-main\\vendor\\laravel\\framework\\src\\Illuminate\\Foundation\\Http\\Middleware\\ConvertEmptyStringsToNull.php(31): Illuminate\\Foundation\\Http\\Middleware\\TransformsRequest->handle(Object(Illuminate\\Http\\Request), Object(Closure))
#43 C:\\Users\\USER\\Downloads\\web-positron-main\\web-positron-main\\vendor\\laravel\\framework\\src\\Illuminate\\Pipeline\\Pipeline.php(208): Illuminate\\Foundation\\Http\\Middleware\\ConvertEmptyStringsToNull->handle(Object(Illuminate\\Http\\Request), Object(Closure))
#44 C:\\Users\\USER\\Downloads\\web-positron-main\\web-positron-main\\vendor\\laravel\\framework\\src\\Illuminate\\Foundation\\Http\\Middleware\\TransformsRequest.php(21): Illuminate\\Pipeline\\Pipeline->Illuminate\\Pipeline\\{closure}(Object(Illuminate\\Http\\Request))
#45 C:\\Users\\USER\\Downloads\\web-positron-main\\web-positron-main\\vendor\\laravel\\framework\\src\\Illuminate\\Foundation\\Http\\Middleware\\TrimStrings.php(51): Illuminate\\Foundation\\Http\\Middleware\\TransformsRequest->handle(Object(Illuminate\\Http\\Request), Object(Closure))
#46 C:\\Users\\USER\\Downloads\\web-positron-main\\web-positron-main\\vendor\\laravel\\framework\\src\\Illuminate\\Pipeline\\Pipeline.php(208): Illuminate\\Foundation\\Http\\Middleware\\TrimStrings->handle(Object(Illuminate\\Http\\Request), Object(Closure))
#47 C:\\Users\\USER\\Downloads\\web-positron-main\\web-positron-main\\vendor\\laravel\\framework\\src\\Illuminate\\Http\\Middleware\\ValidatePostSize.php(27): Illuminate\\Pipeline\\Pipeline->Illuminate\\Pipeline\\{closure}(Object(Illuminate\\Http\\Request))
#48 C:\\Users\\USER\\Downloads\\web-positron-main\\web-positron-main\\vendor\\laravel\\framework\\src\\Illuminate\\Pipeline\\Pipeline.php(208): Illuminate\\Http\\Middleware\\ValidatePostSize->handle(Object(Illuminate\\Http\\Request), Object(Closure))
#49 C:\\Users\\USER\\Downloads\\web-positron-main\\web-positron-main\\vendor\\laravel\\framework\\src\\Illuminate\\Foundation\\Http\\Middleware\\PreventRequestsDuringMaintenance.php(109): Illuminate\\Pipeline\\Pipeline->Illuminate\\Pipeline\\{closure}(Object(Illuminate\\Http\\Request))
#50 C:\\Users\\USER\\Downloads\\web-positron-main\\web-positron-main\\vendor\\laravel\\framework\\src\\Illuminate\\Pipeline\\Pipeline.php(208): Illuminate\\Foundation\\Http\\Middleware\\PreventRequestsDuringMaintenance->handle(Object(Illuminate\\Http\\Request), Object(Closure))
#51 C:\\Users\\USER\\Downloads\\web-positron-main\\web-positron-main\\vendor\\laravel\\framework\\src\\Illuminate\\Http\\Middleware\\HandleCors.php(48): Illuminate\\Pipeline\\Pipeline->Illuminate\\Pipeline\\{closure}(Object(Illuminate\\Http\\Request))
#52 C:\\Users\\USER\\Downloads\\web-positron-main\\web-positron-main\\vendor\\laravel\\framework\\src\\Illuminate\\Pipeline\\Pipeline.php(208): Illuminate\\Http\\Middleware\\HandleCors->handle(Object(Illuminate\\Http\\Request), Object(Closure))
#53 C:\\Users\\USER\\Downloads\\web-positron-main\\web-positron-main\\vendor\\laravel\\framework\\src\\Illuminate\\Http\\Middleware\\TrustProxies.php(58): Illuminate\\Pipeline\\Pipeline->Illuminate\\Pipeline\\{closure}(Object(Illuminate\\Http\\Request))
#54 C:\\Users\\USER\\Downloads\\web-positron-main\\web-positron-main\\vendor\\laravel\\framework\\src\\Illuminate\\Pipeline\\Pipeline.php(208): Illuminate\\Http\\Middleware\\TrustProxies->handle(Object(Illuminate\\Http\\Request), Object(Closure))
#55 C:\\Users\\USER\\Downloads\\web-positron-main\\web-positron-main\\vendor\\laravel\\framework\\src\\Illuminate\\Foundation\\Http\\Middleware\\InvokeDeferredCallbacks.php(22): Illuminate\\Pipeline\\Pipeline->Illuminate\\Pipeline\\{closure}(Object(Illuminate\\Http\\Request))
#56 C:\\Users\\USER\\Downloads\\web-positron-main\\web-positron-main\\vendor\\laravel\\framework\\src\\Illuminate\\Pipeline\\Pipeline.php(208): Illuminate\\Foundation\\Http\\Middleware\\InvokeDeferredCallbacks->handle(Object(Illuminate\\Http\\Request), Object(Closure))
#57 C:\\Users\\USER\\Downloads\\web-positron-main\\web-positron-main\\vendor\\laravel\\framework\\src\\Illuminate\\Http\\Middleware\\ValidatePathEncoding.php(26): Illuminate\\Pipeline\\Pipeline->Illuminate\\Pipeline\\{closure}(Object(Illuminate\\Http\\Request))
#58 C:\\Users\\USER\\Downloads\\web-positron-main\\web-positron-main\\vendor\\laravel\\framework\\src\\Illuminate\\Pipeline\\Pipeline.php(208): Illuminate\\Http\\Middleware\\ValidatePathEncoding->handle(Object(Illuminate\\Http\\Request), Object(Closure))
#59 C:\\Users\\USER\\Downloads\\web-positron-main\\web-positron-main\\vendor\\laravel\\framework\\src\\Illuminate\\Pipeline\\Pipeline.php(126): Illuminate\\Pipeline\\Pipeline->Illuminate\\Pipeline\\{closure}(Object(Illuminate\\Http\\Request))
#60 C:\\Users\\USER\\Downloads\\web-positron-main\\web-positron-main\\vendor\\laravel\\framework\\src\\Illuminate\\Foundation\\Http\\Kernel.php(175): Illuminate\\Pipeline\\Pipeline->then(Object(Closure))
#61 C:\\Users\\USER\\Downloads\\web-positron-main\\web-positron-main\\vendor\\laravel\\framework\\src\\Illuminate\\Foundation\\Http\\Kernel.php(144): Illuminate\\Foundation\\Http\\Kernel->sendRequestThroughRouter(Object(Illuminate\\Http\\Request))
#62 C:\\Users\\USER\\Downloads\\web-positron-main\\web-positron-main\\vendor\\laravel\\framework\\src\\Illuminate\\Foundation\\Application.php(1219): Illuminate\\Foundation\\Http\\Kernel->handle(Object(Illuminate\\Http\\Request))
#63 C:\\Users\\USER\\Downloads\\web-positron-main\\web-positron-main\\public\\index.php(20): Illuminate\\Foundation\\Application->handleRequest(Object(Illuminate\\Http\\Request))
#64 C:\\Users\\USER\\Downloads\\web-positron-main\\web-positron-main\\vendor\\laravel\\framework\\src\\Illuminate\\Foundation\\resources\\server.php(23): require_once('C:\\\\Users\\\\USER\\\\D...')
#65 {main}
"} 
